Control_of_Corruption,Poverty_Headcount_Ratio,Year,Voice_Accountability,Regulatory_Quality,Govt_Expenditure_perc_GDP,FDI_Inflows_perc_GDP,Rule_of_Law,Country,Government_Effectiveness,GDP_Growth_annual_perc,External_Debt_perc_GNI,Political_Stability,Risk_Category,Voice_Accountability_flag,Political_Stability_flag,Government_Effectiveness_flag,Regulatory_Quality_flag,Rule_of_Law_flag,Control_of_Corruption_flag,total_flags,corruption_risk,Year_numeric
-1.33247494697571,,2010,-1.12052512168884,-1.06021749973297,25.6491757416689,-3.85111149953586,-1.27295327186584,Angola,-1.13826775550842,4.39837593810763,35.3911613090284,-0.226182341575623,High-Risk,1,1,1,1,1,1,6,1,2010
-1.36746907234192,,2011,-1.12547838687897,-1.10753154754639,26.671321487158,-2.70487323645008,-1.27705323696136,Angola,-1.19323122501373,3.47205314798103,33.9687833337354,-0.369237810373306,High-Risk,1,1,1,1,1,1,6,1,2011
-1.30240142345428,,2012,-1.07624673843384,-0.990437567234039,23.4498300606546,-1.14376777921662,-1.30477690696716,Angola,-0.988945424556732,8.54210707584141,30.7446796123415,-0.389322549104691,High-Risk,1,1,1,1,1,1,6,1,2012
-1.33697164058685,,2013,-1.11391913890839,-1.0416704416275,28.2092373749944,-5.38013099536349,-1.29094779491425,Angola,-1.24288654327393,4.95461303112738,35.3141708088895,-0.39123347401619,High-Risk,1,1,1,1,1,1,6,1,2013
-1.45822596549988,,2014,-1.14532363414764,-0.860683441162109,27.967359355335,2.69000564690096,-1.07495403289795,Angola,-1.05657386779785,4.82255926962156,35.9601982257134,-0.333232045173645,High-Risk,1,1,1,1,1,1,6,1,2014
-1.42772650718689,,2015,-1.17716491222382,-0.8636714220047,20.8188316179919,11.0813390258994,-1.03065872192383,Angola,-0.929087340831757,0.943571561325001,56.7801551813803,-0.50538581609726,High-Risk,1,1,1,1,1,1,6,1,2015
-1.48399043083191,,2016,-1.14032745361328,-0.969250917434692,17.5116639833286,-0.340242828705014,-1.00395023822784,Angola,-0.971493542194366,-2.58004964404932,114.845094739154,-0.321580082178116,High-Risk,1,1,1,1,1,1,6,1,2016
-1.44517171382904,,2017,-1.09524345397949,-1.04546654224396,16.671137232855,-10.0383767819736,-1.03998208045959,Angola,-0.951988995075226,-0.147212941085755,84.9404832711627,-0.387895494699478,High-Risk,1,1,1,1,1,1,6,1,2017
-1.19948387145996,39.3,2018,-0.903594315052032,-0.8006831407547,15.6076580956447,-8.12589110876485,-1.00106203556061,Angola,-1.00525164604187,-1.31636168896895,84.2843625797666,-0.347208589315414,High-Risk,1,1,1,1,1,1,6,1,2018
-1.05461812019348,,2019,-0.793109953403473,-0.833844542503357,16.6849522138374,-5.78081314286634,-1.02354824542999,Angola,-1.1284898519516,-0.702272957616017,96.5947267900598,-0.368411600589752,High-Risk,1,1,1,1,1,1,6,1,2019
-0.93506121635437,,2020,-0.816005945205688,-0.856853485107422,,-3.84826398729862,-0.951058804988861,Angola,-1.25748455524445,-5.63821471714934,148.159899274824,-0.599917888641357,High-Risk,1,1,1,1,1,1,6,1,2020
-0.649475812911987,,2021,-0.859023571014404,-0.670014679431915,,-6.54854227564071,-0.983753621578217,Angola,-1.1263599395752,1.19921052145153,108.138096106725,-0.710480749607086,High-Risk,1,1,1,1,1,1,6,1,2021
-0.612375736236572,,2022,-0.807577967643738,-0.606698572635651,,-6.32056384328187,-1.02203571796417,Angola,-1.02603423595428,3.04472652391918,62.7299371223109,-0.630108535289764,High-Risk,1,1,1,1,1,1,6,1,2022
-0.60992020368576,,2023,-0.737252414226532,-0.761388182640076,,-2.49735273623951,-1.09906601905823,Angola,-1.00890958309174,1.07809951970673,74.300461802381,-0.34150505065918,High-Risk,1,1,1,1,1,1,6,1,2023
2.02361083030701,0.3,2010,1.41976547241211,1.69597673416138,26.7049854253781,3.0948394339821,1.75771832466125,Australia,1.76339137554169,2.21998026536549,,0.888859868049622,Low-Risk,0,0,0,0,0,0,0,0,2010
2.03790903091431,,2011,1.45372104644775,1.85212278366089,25.9965923165691,4.68881515477357,1.73315370082855,Australia,1.69013810157776,2.40708018291988,,0.935710072517395,Low-Risk,0,0,0,0,0,0,0,0,2011
1.97750723361969,,2012,1.49919033050537,1.77889716625214,26.1190161107402,3.72019933653419,1.75977957248688,Australia,1.61314845085144,3.91670942454073,,0.997997224330902,Low-Risk,0,0,0,0,0,0,0,0,2012
1.77783310413361,,2013,1.43636846542358,1.79121994972229,25.8800823016892,3.45392766613525,1.77010083198547,Australia,1.632453083992,2.60219339436559,,1.03107297420502,Low-Risk,0,0,0,0,0,0,0,0,2013
1.84927213191986,0.5,2014,1.36167418956757,1.85737347602844,26.2576336510283,4.30470664387579,1.91863083839417,Australia,1.60089492797852,2.59528411594042,,1.03219199180603,Low-Risk,0,0,0,0,0,0,0,0,2014
1.84130811691284,,2015,1.35573124885559,1.77741026878357,26.7642142270028,3.47020901785018,1.79032063484192,Australia,1.53325247764587,2.19016928695221,,0.873180687427521,Low-Risk,0,0,0,0,0,0,0,0,2015
1.77225196361542,0.5,2016,1.35410094261169,1.88573145866394,26.9840896451806,3.56056595221134,1.7166656255722,Australia,1.53218841552734,2.7593859723839,,1.0334244966507,Low-Risk,0,0,0,0,0,0,0,0,2016
1.75297474861145,,2017,1.37863683700562,1.92300236225128,26.6338388364042,3.63608951454837,1.64595770835876,Australia,1.49838602542877,2.27959179820343,,0.87606406211853,Low-Risk,0,0,0,0,0,0,0,0,2017
1.7674548625946,0.5,2018,1.39378583431244,1.89657723903656,26.2293809326048,4.25033304779982,1.67466557025909,Australia,1.55598998069763,2.87846971467883,,0.971185445785522,Low-Risk,0,0,0,0,0,0,0,0,2018
1.78807365894318,,2019,1.27036511898041,1.86464607715607,26.1765021550141,2.78196787472132,1.69461703300476,Australia,1.53869080543518,2.17154505737176,,0.917978942394257,Low-Risk,0,0,0,0,0,0,0,0,2019
1.63298058509827,1.0,2020,1.29898488521576,1.81394696235657,30.2551947530937,1.35325605506287,1.61500358581543,Australia,1.57335329055786,-0.119590735829973,,0.862161874771118,Low-Risk,0,0,0,0,0,0,0,0,2020
1.70738875865936,,2021,1.35812592506409,1.83118271827698,32.6329859403151,2.0246819461122,1.63855969905853,Australia,1.47172200679779,2.11116814768786,,0.83507913351059,Low-Risk,0,0,0,0,0,0,0,0,2021
1.76436710357666,,2022,1.32390677928925,1.89489328861237,27.6611156622091,4.16149504206489,1.5088187456131,Australia,1.52843272686005,4.24238555336139,,0.983715951442719,Low-Risk,0,0,0,0,0,0,0,0,2022
1.78120493888855,,2023,1.50660192966461,1.94220554828644,,1.91730721115443,1.52318394184113,Australia,1.58987963199615,3.44199220009025,,0.91705721616745,Low-Risk,0,0,0,0,0,0,0,0,2023
0.0438063591718674,,2010,0.571348905563354,0.246619865298271,28.0594682317914,3.73001288350945,0.0564144365489483,Brazil,-0.0868625491857529,7.52822581815364,16.4609633883192,0.0134759107604623,Medium-Risk,1,1,1,1,1,1,6,1,2010
0.168382421135902,7.1,2011,0.513676166534424,0.25802206993103,28.662521677616,3.91518011405433,0.0451417230069637,Brazil,-0.152404069900513,3.97442307944702,15.8516033315084,-0.132575422525406,Medium-Risk,1,1,1,1,1,1,6,1,2011
-0.0468542315065861,6.4,2012,0.477906197309494,0.173244088888168,28.1749993082199,3.75496285641218,-0.0769327953457832,Brazil,-0.16054867208004,1.92117598576537,18.3256247175724,0.0459616407752037,Medium-Risk,1,1,1,1,1,1,6,1,2012
-0.0979596078395844,5.4,2013,0.417397052049637,0.146290123462677,28.150486422269,3.04150901624338,-0.0920452028512955,Brazil,-0.119030974805355,3.00482266944432,19.8377244696815,-0.258553296327591,Medium-Risk,1,1,1,1,1,1,6,1,2013
-0.366117089986801,4.7,2014,0.471930146217346,-0.0282199531793594,29.2822360064413,3.57135266957477,-0.0529657602310181,Brazil,-0.175920635461807,0.503955740242247,23.1060429665359,-0.070290133357048,Medium-Risk,1,1,1,1,1,1,6,1,2014
-0.457840710878372,5.4,2015,0.458871006965637,-0.181910037994385,33.9491788065831,3.59214931791344,-0.187332957983017,Brazil,-0.255271553993225,-3.54576339269425,30.7299282819868,-0.331864446401596,Medium-Risk,1,1,1,1,1,1,6,1,2015
-0.446095585823059,6.5,2016,0.451975852251053,-0.189951747655869,33.4051681393353,4.13737803865892,-0.201301991939545,Brazil,-0.249387070536613,-3.27591690782192,30.9090873502902,-0.381035059690475,Medium-Risk,1,1,1,1,1,1,6,1,2016
-0.559814631938934,6.9,2017,0.449531525373459,-0.130978867411613,32.3610510090101,3.33825981739039,-0.305428564548492,Brazil,-0.317140609025955,1.32286905404399,26.8156664563017,-0.479947566986084,Medium-Risk,1,1,1,1,1,1,6,1,2017
-0.480954378843307,6.9,2018,0.376852065324783,-0.293125450611115,32.2312978931468,4.07858821454947,-0.30234295129776,Brazil,-0.520569622516632,1.783666761634,29.9289604201936,-0.459598511457443,Medium-Risk,1,1,1,1,1,1,6,1,2018
-0.40789270401001,7.0,2019,0.301444828510284,-0.121404096484184,31.1361557850731,3.692673213156,-0.224319815635681,Brazil,-0.234114676713943,1.22077782360842,31.1964144591405,-0.714224636554718,Medium-Risk,1,1,1,1,1,1,6,1,2019
-0.429083496332169,2.8,2020,0.287395060062408,-0.111011527478695,34.9119748286061,2.59263795310275,-0.231919765472412,Brazil,-0.465709209442139,-3.2767587964736,38.0074518565909,-0.44689092040062,Medium-Risk,1,1,1,1,1,1,6,1,2020
-0.499217957258224,7.5,2021,0.254508823156357,-0.121613994240761,29.4981043220662,2.77979084938159,-0.301417380571365,Brazil,-0.492990374565125,4.76260437908608,35.3118324255952,-0.419879764318466,Medium-Risk,1,1,1,1,1,1,6,1,2021
-0.566354334354401,4.9,2022,0.225268334150314,-0.220437631011009,31.641435845417,3.8221961533297,-0.257879137992859,Brazil,-0.588259339332581,3.01669435393015,30.5328616689335,-0.395036935806274,Medium-Risk,1,1,1,1,1,1,6,1,2022
-0.503643155097961,3.8,2023,0.382853865623474,-0.29647821187973,32.4311004876294,2.8497546823908,-0.308802843093872,Brazil,-0.546764314174652,3.24165532906981,28.8031393598682,-0.408567786216736,Medium-Risk,1,1,1,1,1,1,6,1,2023
2.06187319755554,0.2,2010,1.35265874862671,1.69343030452728,19.0847071449408,1.83725638740881,1.79859042167664,Canada,1.77782678604126,3.09080634469335,,0.936318218708038,Low-Risk,0,0,0,0,0,0,0,0,2010
1.97113347053528,0.2,2011,1.38014459609985,1.68484020233154,17.8502680006291,2.13783310760835,1.72711992263794,Canada,1.77254545688629,3.13719442170364,,1.07717573642731,Low-Risk,0,0,0,0,0,0,0,0,2011
1.91890442371368,0.2,2012,1.43750536441803,1.70719468593597,17.5175199279774,2.70016900895675,1.75642120838165,Canada,1.75697004795074,1.75566129145483,,1.11301624774933,Low-Risk,0,0,0,0,0,0,0,0,2012
1.87937796115875,0.5,2013,1.45344030857086,1.72989094257355,17.0848821579089,3.62980398357005,1.74750757217407,Canada,1.78074109554291,2.32581354806429,,1.06142175197601,Low-Risk,0,0,0,0,0,0,0,0,2013
1.83219265937805,0.2,2014,1.41233158111572,1.83872532844543,16.4020498301416,3.55390337011002,1.88629722595215,Canada,1.75371766090393,2.87346677785811,,1.17550384998322,Low-Risk,0,0,0,0,0,0,0,0,2014
1.84565019607544,0.5,2015,1.46729922294617,1.70605802536011,17.0597786823228,3.85389453706153,1.8071414232254,Canada,1.7309353351593,0.649971001734855,,1.26233685016632,Low-Risk,0,0,0,0,0,0,0,0,2015
1.94446551799774,0.5,2016,1.44561123847961,1.72741413116455,17.498604071126,2.23835012140903,1.8009147644043,Canada,1.7445410490036,1.03855092490855,,1.24041163921356,Low-Risk,0,0,0,0,0,0,0,0,2016
1.88144600391388,0.5,2017,1.47808432579041,1.87965595722198,17.6065954076372,1.53752071953934,1.76343929767609,Canada,1.81557297706604,3.03383491200222,,1.08968114852905,Low-Risk,0,0,0,0,0,0,0,0,2017
1.79020822048187,0.2,2018,1.50241100788116,1.69941985607147,17.5409004540917,2.46931207254863,1.71514165401459,Canada,1.67513394355774,2.74296344906655,,0.963971078395844,Low-Risk,0,0,0,0,0,0,0,0,2018
1.72989678382874,0.2,2019,1.43030834197998,1.71000242233276,18.1057096781026,2.80676687017653,1.71977615356445,Canada,1.69731068611145,1.90843194590616,,0.994933545589447,Low-Risk,0,0,0,0,0,0,0,0,2019
1.56571280956268,0.2,2020,1.47166883945465,1.5925897359848,28.5714736058033,1.75897085668576,1.61910331249237,Canada,1.59831285476685,-5.03823343468899,,1.01318228244781,Low-Risk,0,0,0,0,0,0,0,0,2020
1.61626875400543,0.2,2021,1.44535887241364,1.61376404762268,22.4985744222565,2.97618288160973,1.59289026260376,Canada,1.5614572763443,5.95052802804381,,0.962336957454681,Low-Risk,0,0,0,0,0,0,0,0,2021
1.65857303142548,,2022,1.44002974033356,1.67709279060364,18.2522606578883,2.29317324184365,1.56462013721466,Canada,1.56661772727966,4.18903628100851,,0.780681550502777,Low-Risk,0,0,0,0,0,0,0,0,2022
1.67150104045868,,2023,1.4796462059021,1.64471042156219,19.2603133808938,1.93601776565032,1.47300565242767,Canada,1.51680326461792,1.52874550838358,,0.822420537471771,Low-Risk,0,0,0,0,0,0,0,0,2023
2.35235905647278,0.1,2010,1.54195690155029,1.87385439872742,41.321624841298,-3.56794135328115,1.89844179153442,Denmark,2.10007047653198,1.58289703108802,,1.04096102714539,Low-Risk,0,0,0,0,0,0,0,0,2010
2.39288401603699,0.0,2011,1.55170702934265,1.89863109588623,41.3553765306718,3.93792637361731,1.91979134082794,Denmark,2.10107469558716,1.3108037609606,,1.10029304027557,Low-Risk,0,0,0,0,0,0,0,0,2011
2.3824622631073,0.0,2012,1.67411422729492,1.79916131496429,42.5735551510871,-5.00312031968255,1.87506687641144,Denmark,1.98699104785919,-0.00543230161670749,,0.914910674095154,Low-Risk,0,0,0,0,0,0,0,0,2012
2.39937782287598,0.3,2013,1.66623783111572,1.80028736591339,40.3069360551146,0.197410828523168,1.90228533744812,Denmark,1.94326293468475,1.39267343161971,,0.959233462810516,Low-Risk,0,0,0,0,0,0,0,0,2013
2.25215744972229,0.2,2014,1.5245566368103,1.6811044216156,39.8534795726126,1.86415567840611,2.10073828697205,Denmark,1.78492867946625,1.27799983192831,,0.951779723167419,Low-Risk,0,0,0,0,0,0,0,0,2014
2.18585419654846,0.2,2015,1.55306839942932,1.72294008731842,39.4680654843822,0.61075067778712,2.01513481140137,Denmark,1.79474246501923,2.10441456445301,,0.887059271335602,Low-Risk,0,0,0,0,0,0,0,0,2015
2.20300269126892,0.3,2016,1.54204452037811,1.56364238262177,37.3753237986279,2.49983169836595,1.88294720649719,Denmark,1.82117700576782,3.07304549209093,,0.852912425994873,Low-Risk,0,0,0,0,0,0,0,0,2016
2.190749168396,0.1,2017,1.51810312271118,1.61215782165527,36.281185472149,1.08780490285886,1.80426836013794,Denmark,1.74683058261871,3.05647723922718,,0.854937553405762,Low-Risk,0,0,0,0,0,0,0,0,2017
2.15699577331543,0.2,2018,1.57402217388153,1.62839412689209,36.1767651513151,2.46670057625106,1.77322614192963,Denmark,1.81060206890106,1.8600074900921,,0.931982338428497,Low-Risk,0,0,0,0,0,0,0,0,2018
2.12164855003357,0.3,2019,1.54343402385712,1.5476325750351,35.294411019505,-1.10067098319484,1.83337736129761,Denmark,1.87326776981354,1.71140093932736,,0.967598736286163,Low-Risk,0,0,0,0,0,0,0,0,2019
2.23648619651794,0.2,2020,1.5147852897644,1.78572452068329,38.7585745073268,0.36387453868222,1.80679368972778,Denmark,1.8400673866272,-1.78010601831291,,0.920233726501465,Low-Risk,0,0,0,0,0,0,0,0,2020
2.33337140083313,0.2,2021,1.5449755191803,1.79559290409088,36.2155316033098,4.1621434518547,1.89572131633759,Denmark,1.95973408222198,7.38206633449863,,0.928662657737732,Low-Risk,0,0,0,0,0,0,0,0,2021
2.40263819694519,0.2,2022,1.59125435352325,1.84312748908997,32.0184253924653,6.87340812577742,1.8995805978775,Denmark,1.9901350736618,1.54017307357893,,0.86891770362854,Low-Risk,0,0,0,0,0,0,0,0,2022
2.37605309486389,0.4,2023,1.66469931602478,1.83951985836029,33.1387313045139,2.19886894040596,1.90893590450287,Denmark,2.01564884185791,2.49518434516773,,0.850847959518433,Low-Risk,0,0,0,0,0,0,0,0,2023
1.76642882823944,0.0,2010,1.29778325557709,1.57068610191345,30.7473070189522,2.48078642393235,1.63750469684601,Germany,1.51569378376007,4.14676755040489,,0.796834468841553,Low-Risk,0,0,0,0,0,0,0,0,2010
1.74194991588593,0.0,2011,1.34921073913574,1.54886770248413,28.3049046331442,2.55005949502613,1.61821925640106,Germany,1.50013899803162,3.75796884487347,,0.842218458652496,Low-Risk,0,0,0,0,0,0,0,0,2011
1.81763017177582,0.0,2012,1.39373803138733,1.52908289432526,27.933530449439,1.8189263536368,1.66923201084137,Germany,1.53097581863403,0.47429132103845,,0.775621294975281,Low-Risk,0,0,0,0,0,0,0,0,2012
1.79800081253052,0.0,2013,1.40613043308258,1.54434037208557,27.9891744091962,1.76465787052263,1.64198386669159,Germany,1.51041460037231,0.386224592046474,,0.92798388004303,Low-Risk,0,0,0,0,0,0,0,0,2013
1.81229484081268,0.0,2014,1.43629622459412,1.69703912734985,27.5095890686293,0.437659919660914,1.85020470619202,Germany,1.6648246049881,2.16949889758517,,0.925186455249786,Low-Risk,0,0,0,0,0,0,0,0,2014
1.7758332490921,0.0,2015,1.42213714122772,1.71191465854645,27.4487709234683,1.82321441511707,1.75914001464844,Germany,1.65639758110046,1.65271978656361,,0.687514960765839,Low-Risk,0,0,0,0,0,0,0,0,2015
1.78129398822784,0.0,2016,1.3646674156189,1.8065539598465,27.3671431834324,1.64319555960592,1.58330154418945,Germany,1.66018795967102,2.29471066413561,,0.667541146278381,Low-Risk,0,0,0,0,0,0,0,0,2016
1.79697561264038,0.2,2017,1.43248081207275,1.77526342868805,27.5391986454965,2.89088052868023,1.5740704536438,Germany,1.61311173439026,2.71602454639843,,0.574381291866302,Low-Risk,0,0,0,0,0,0,0,0,2017
1.89839863777161,0.0,2018,1.44311714172363,1.75632679462433,27.3876244852279,4.00421026360441,1.59137535095215,Germany,1.52356374263763,1.11644310902427,,0.577865242958069,Low-Risk,0,0,0,0,0,0,0,0,2018
1.86510336399078,0.2,2019,1.35402822494507,1.71493887901306,27.899362920382,1.90698688059702,1.5813193321228,Germany,1.49534583091736,0.987893350164853,,0.548539876937866,Low-Risk,0,0,0,0,0,0,0,0,2019
1.82534158229828,0.2,2020,1.37390911579132,1.57793474197388,32.1608467019556,4.48666571074036,1.52012777328491,Germany,1.31368815898895,-4.09513751682526,,0.645049154758453,Low-Risk,0,0,0,0,0,0,0,0,2020
1.7829247713089,,2021,1.41956698894501,1.62516117095947,32.720769435816,2.93470785974787,1.5718047618866,Germany,1.28911292552948,3.6699998840452,,0.725788176059723,Low-Risk,0,0,0,0,0,0,0,0,2021
1.81836342811584,,2022,1.41448700428009,1.52229499816895,31.4551133705123,2.0947134896352,1.53199517726898,Germany,1.28929960727692,1.36973104612758,,0.628491878509521,Low-Risk,0,0,0,0,0,0,0,0,2022
1.66416621208191,,2023,1.46138572692871,1.45697498321533,,1.71109200964451,1.55120778083801,Germany,1.18541669845581,-0.266438401180253,,0.586989283561707,Low-Risk,0,0,0,0,0,0,0,0,2023
-0.463754564523697,,2010,0.443312972784042,-0.41047203540802,16.5051359514049,1.6350340943491,-0.0358108207583427,India,0.0316559858620167,8.49758470221235,17.520327243228,-1.27798449993134,Medium-Risk,1,1,1,1,1,1,6,1,2010
-0.540835857391357,27.1,2011,0.435818582773209,-0.363154947757721,14.4898394030493,2.0020634629993,-0.0862971395254135,India,0.0225540697574615,5.24131619937695,18.5055609944676,-1.32679533958435,Medium-Risk,1,1,1,1,1,1,6,1,2011
-0.513968110084534,,2012,0.399454206228256,-0.480885624885559,16.166712404362,1.31293453035323,-0.0628807470202446,India,-0.15608711540699,5.45638755166587,21.7351878662519,-1.28930985927582,Medium-Risk,1,1,1,1,1,1,6,1,2012
-0.517280995845795,,2013,0.432717055082321,-0.478094786405563,16.6386825486965,1.5162764665975,-0.0458925999701023,India,-0.157355144619942,6.38610640094825,23.3008757774803,-1.22917413711548,Medium-Risk,1,1,1,1,1,1,6,1,2013
-0.457605749368668,,2014,0.413222134113312,-0.47507643699646,14.803137644208,1.69565958990806,-0.0691893845796585,India,-0.222846582531929,7.41022760508854,22.7049198417658,-0.997911989688873,Medium-Risk,1,1,1,1,1,1,6,1,2014
-0.406574189662933,,2015,0.427862852811813,-0.4249567091465,15.1256903622794,2.09211521443253,-0.0707211047410965,India,0.0800815001130104,7.99625378571471,23.0297689509967,-0.954773545265198,Medium-Risk,1,1,1,1,1,1,6,1,2015
-0.337335646152496,,2016,0.441010862588882,-0.31153193116188,15.2719500252316,1.9373641224439,-0.0561538562178612,India,0.0613894164562225,8.25630550179086,20.0812235448632,-0.960426509380341,Medium-Risk,1,1,1,1,1,1,6,1,2016
-0.291900008916855,,2017,0.386967867612839,-0.256661295890808,15.6141099220983,1.50731583255894,-0.0297500882297754,India,0.0410966314375401,6.79538341897911,19.5049373712632,-0.774099111557007,Medium-Risk,1,1,1,1,1,1,6,1,2017
-0.229758977890015,,2018,0.360422104597092,-0.225996732711792,15.6631319151388,1.55821483801455,-0.00142208894249052,India,0.262917786836624,6.45385134497769,19.4905310721105,-0.997706770896912,Medium-Risk,1,1,1,1,1,1,6,1,2018
-0.30260244011879,,2019,0.268077671527863,-0.150565445423126,,1.78482633957161,-0.0672271549701691,India,0.130771830677986,3.87143694070356,19.9766366353145,-0.796846985816956,Medium-Risk,1,1,1,1,1,1,6,1,2019
-0.293598413467407,,2020,0.127332791686058,-0.128488674759865,,2.40620322673636,-0.0584247447550297,India,0.374532461166382,-5.77772470686801,21.4094740100862,-0.841419219970703,Medium-Risk,1,1,1,1,1,1,6,1,2020
-0.317147105932236,,2021,0.0905434712767601,-0.0908545926213264,,1.41217101040888,-0.108451806008816,India,0.249238416552544,9.68959249192875,19.5524130311129,-0.691076755523682,Medium-Risk,1,1,1,1,1,1,6,1,2021
-0.322223275899887,5.3,2022,0.0458774901926517,-0.0504464171826839,13.3335178491336,1.49248825904,0.113943412899971,India,0.369541674852371,7.60936497768895,18.6103165564092,-0.615027368068695,Medium-Risk,1,1,1,1,1,1,6,1,2022
-0.366014748811722,,2023,0.0944044888019562,-0.136969581246376,,0.771919134264091,0.188364565372467,India,0.47511014342308,9.19075493028345,18.398392023483,-0.635076940059662,Medium-Risk,1,1,1,1,1,1,6,1,2023
-1.3631272315979,,2010,-0.991843640804291,-1.02928555011749,,1.00796493975113,-1.70723676681519,Iraq,-1.1039627790451,6.40256484471193,,-2.23926711082458,High-Risk,1,1,1,1,1,1,6,1,2010
-1.25806474685669,,2011,-1.06950151920319,-1.00996208190918,,1.12086339764167,-1.55628681182861,Iraq,-1.07451224327087,7.546471200426,,-1.84698355197906,High-Risk,1,1,1,1,1,1,6,1,2011
-1.24822700023651,0.6,2012,-1.07618057727814,-1.14061653614044,,1.55961531280073,-1.57004082202911,Iraq,-1.05595529079437,13.9364301737537,,-1.93405020236969,High-Risk,1,1,1,1,1,1,6,1,2012
-1.31568956375122,,2013,-1.0572851896286,-1.12933826446533,,-0.995279210263068,-1.56443238258362,Iraq,-1.04929423332214,7.62828592298754,,-2.01139044761658,High-Risk,1,1,1,1,1,1,6,1,2013
-1.3636566400528,,2014,-1.14439046382904,-1.1338427066803,25.7090141553581,-4.45521124532956,-1.44884276390076,Iraq,-1.05569767951965,2.26368817563613,,-2.48033785820007,High-Risk,1,1,1,1,1,1,6,1,2014
-1.43320691585541,,2015,-1.12806236743927,-1.15169286727905,27.0309301531966,-4.54159235443502,-1.56235945224762,Iraq,-1.2022225856781,2.60676642939541,11.579236426757,-2.25077962875366,High-Risk,1,1,1,1,1,1,6,1,2015
-1.46216154098511,,2016,-1.01559019088745,-0.991360604763031,26.5600237455794,-3.75180911604806,-1.76788532733917,Iraq,-1.23010790348053,13.7873730187089,14.1382651565459,-2.30333304405212,High-Risk,1,1,1,1,1,1,6,1,2016
-1.43163061141968,,2017,-1.0472719669342,-1.11049020290375,25.9749833916221,-2.68799428357231,-1.75534462928772,Iraq,-1.22211647033691,-1.81975035118309,15.1161609151855,-2.29594969749451,High-Risk,1,1,1,1,1,1,6,1,2017
-1.45831036567688,,2018,-0.999539613723755,-1.06386315822601,24.4834204312244,-2.14854834807913,-1.80134296417236,Iraq,-1.26693630218506,2.63385099105624,12.3214408602116,-2.52111387252808,High-Risk,1,1,1,1,1,1,6,1,2018
-1.38982570171356,,2019,-0.964343070983887,-1.09659099578857,27.6121352770907,-1.31640616709339,-1.77203547954559,Iraq,-1.31078171730042,5.51379057542323,11.824461992369,-2.60927772521973,High-Risk,1,1,1,1,1,1,6,1,2019
-1.33377075195312,,2020,-1.00754952430725,-1.33956038951874,,-1.58049696252586,-1.79986429214478,Iraq,-1.30339181423187,-12.0367930931152,14.7022768430631,-2.47476959228516,High-Risk,1,1,1,1,1,1,6,1,2020
-1.26926839351654,,2021,-0.963369071483612,-1.12823390960693,,-1.25770209772783,-1.74884688854218,Iraq,-1.32009863853455,1.50218070952037,12.2155775212943,-2.38469409942627,High-Risk,1,1,1,1,1,1,6,1,2021
-1.21335303783417,,2022,-0.948578834533691,-1.18048512935638,,-0.726653366772653,-1.74994015693665,Iraq,-1.30276036262512,7.95904804992662,7.95463364666726,-2.40930914878845,High-Risk,1,1,1,1,1,1,6,1,2022
-1.32103753089905,0.5,2023,-0.958918929100037,-1.43832731246948,,-1.99474822313262,-1.69316685199738,Iraq,-1.38960635662079,0.517705525131191,8.07390544982739,-2.41309809684753,High-Risk,1,1,1,1,1,1,6,1,2023
0.0570844486355782,,2010,-0.49994820356369,0.611249983310699,18.2319253890148,4.26864663854031,0.39389044046402,Malaysia,1.04647839069366,7.42484738326097,,0.143352136015892,High-Risk,1,1,1,1,1,1,6,1,2010
0.022571574896574,0.4,2011,-0.474874913692474,0.547134578227997,19.7347795900774,5.07446032143377,0.402631521224976,Malaysia,0.98675674200058,5.29391283414003,,0.0774097666144371,High-Risk,1,1,1,1,1,1,6,1,2011
0.213312953710556,,2012,-0.346539199352264,0.477169960737228,20.9798770041143,2.82905738174529,0.379769444465637,Malaysia,0.906338155269623,5.47345419253853,,-0.0052124024368822,High-Risk,1,1,1,1,1,1,6,1,2012
0.333269119262695,0.1,2013,-0.339791119098663,0.567808210849762,20.6021204303102,3.49431175959971,0.341337561607361,Malaysia,0.993431925773621,4.69372252557893,,0.0517915934324265,High-Risk,1,1,1,1,1,1,6,1,2013
0.396519064903259,,2014,-0.360449194908142,0.799231290817261,19.6835443850248,3.14122940365348,0.524089753627777,Malaysia,1.14593541622162,6.00672194558203,,0.266619145870209,High-Risk,1,1,1,1,1,1,6,1,2014
0.181636169552803,0.1,2015,-0.391403198242188,0.704775094985962,18.2910432040136,3.27094402931735,0.402504026889801,Malaysia,0.91708517074585,5.09153242155011,,0.25394731760025,High-Risk,1,1,1,1,1,1,6,1,2015
0.0274246502667665,,2016,-0.416713893413544,0.663995385169983,16.7638213141114,4.47130958598651,0.387877881526947,Malaysia,0.817718744277954,4.44978139761541,,0.129485934972763,High-Risk,1,1,1,1,1,1,6,1,2016
-0.0060947239398956,,2017,-0.398660808801651,0.671388506889343,15.8258190286835,2.9358203805856,0.388218402862549,Malaysia,0.77773243188858,5.81272240983328,,0.111209630966187,High-Risk,1,1,1,1,1,1,6,1,2017
0.299851536750793,0.0,2018,-0.099500760436058,0.575907409191132,15.9220579344968,2.31458721219734,0.529206156730652,Malaysia,1.05388987064362,4.84308697634881,,0.248113676905632,High-Risk,1,1,1,1,1,1,6,1,2018
0.232962101697922,,2019,-0.0477054789662361,0.547572374343872,17.3574598059896,2.50697705748044,0.4915691614151,Malaysia,0.967774987220764,4.41318742129586,,0.14648012816906,High-Risk,1,1,1,1,1,1,6,1,2019
0.228581383824348,,2020,-0.154460147023201,0.666613459587097,18.4715851445262,1.20275464255821,0.573119819164276,Malaysia,1.02225887775421,-5.45684658426701,,0.125864699482918,High-Risk,1,1,1,1,1,1,6,1,2020
0.146233186125755,0.0,2021,-0.164951831102371,0.714465439319611,17.2542689687307,5.41625984914689,0.532065808773041,Malaysia,0.952433526515961,3.31534954399166,,0.0595565475523472,High-Risk,1,1,1,1,1,1,6,1,2021
0.248940765857697,,2022,0.000423186487751,0.644006609916687,17.9061514875177,3.68689336269236,0.561419248580933,Malaysia,0.992667615413666,8.86182187578046,,0.163117811083794,High-Risk,1,1,1,1,1,1,6,1,2022
0.295621365308762,,2023,0.0876194089651108,0.660894274711609,17.0192684093425,1.98111065098392,0.571915447711945,Malaysia,0.875369668006897,3.55548715410509,,0.16851469874382,High-Risk,1,1,1,1,1,1,6,1,2023
-0.436986297369003,,2010,-0.120654635131359,-0.453413218259811,19.6201763346953,11.0275561357338,-0.487646609544754,Mozambique,-0.616408288478851,6.67972935662864,101.617142296998,0.394421875476837,High-Risk,1,1,1,1,1,1,6,1,2010
-0.496196299791336,,2011,-0.199520617723465,-0.473082095384598,21.2948647268172,25.0623636819297,-0.579845726490021,Mozambique,-0.650063931941986,7.13405842300445,93.7502668447009,0.332048267126083,High-Risk,1,1,1,1,1,1,6,1,2011
-0.569021642208099,,2012,-0.197661280632019,-0.465775460004807,22.2435713893799,33.767102801243,-0.598753094673157,Mozambique,-0.653231084346771,7.9945031610722,119.104733383803,0.39049369096756,High-Risk,1,1,1,1,1,1,6,1,2012
-0.602838695049286,,2013,-0.256401658058167,-0.417519450187683,,38.9428653441902,-0.820203185081482,Mozambique,-0.635945856571198,6.57141389665537,168.920055097791,-0.226966470479965,High-Risk,1,1,1,1,1,1,6,1,2013
-0.669842422008514,74.4,2014,-0.24679134786129,-0.435868889093399,,27.8047100445849,-0.809284687042236,Mozambique,-0.744966745376587,7.70256844839309,193.622142000203,-0.336002737283707,High-Risk,1,1,1,1,1,1,6,1,2014
-0.779485106468201,,2015,-0.270830363035202,-0.56189900636673,,23.8654900431928,-0.869379043579102,Mozambique,-0.828703820705414,7.3930936986377,239.064704223877,-0.516435563564301,High-Risk,1,1,1,1,1,1,6,1,2015
-0.902741551399231,,2016,-0.417111307382584,-0.74905401468277,18.5198742757507,25.9187724637849,-1.0751576423645,Mozambique,-0.946212470531464,4.69699024225795,361.948593955372,-1.09681463241577,High-Risk,1,1,1,1,1,1,6,1,2016
-0.857399106025696,,2017,-0.420955717563629,-0.770824313163757,17.6256749397463,17.4831119319856,-1.0070892572403,Mozambique,-0.95696634054184,2.63820737310658,356.80240900822,-0.918098509311676,High-Risk,1,1,1,1,1,1,6,1,2017
-0.809045612812042,,2018,-0.484720945358276,-0.796630501747131,19.649486675822,11.1741431838994,-1.06761610507965,Mozambique,-0.960869610309601,3.48493202422782,338.142192140037,-0.833229660987854,High-Risk,1,1,1,1,1,1,6,1,2018
-0.872100949287415,81.6,2019,-0.544878602027893,-0.780855536460876,20.0432502816617,21.7841914901932,-1.07297027111053,Mozambique,-0.909160733222961,2.31781394821475,355.807277125641,-0.765720069408417,High-Risk,1,1,1,1,1,1,6,1,2019
-0.787528455257416,,2020,-0.595090806484222,-0.772882997989655,22.904910395848,22.3944370320025,-1.07670676708221,Mozambique,-0.810174465179443,-1.21952250011192,420.571573313751,-1.28312349319458,High-Risk,1,1,1,1,1,1,6,1,2020
-0.832316100597382,,2021,-0.608652472496033,-0.796027064323425,23.3044189350831,32.7522138534006,-1.05518043041229,Mozambique,-0.802774250507355,2.37743572761507,395.929124541799,-1.25703620910645,High-Risk,1,1,1,1,1,1,6,1,2021
-0.835754334926605,81.4,2022,-0.586264908313751,-0.726218461990356,26.0040350878841,16.0042947069706,-1.02469038963318,Mozambique,-0.73704868555069,4.36445074432608,368.716162801124,-1.26560831069946,High-Risk,1,1,1,1,1,1,6,1,2022
-0.828437745571136,,2023,-0.593393087387085,-0.708528399467468,,12.8065189015033,-1.02632343769073,Mozambique,-0.716628909111023,5.4368591229252,349.676525389679,-1.26869130134583,High-Risk,1,1,1,1,1,1,6,1,2023
2.32940340042114,,2010,1.50750553607941,1.81236732006073,34.1464759438035,0.194915236759351,1.86188757419586,New Zealand,1.81132459640503,1.45863634911349,,1.23648881912231,Low-Risk,0,0,0,0,0,0,0,0,2010
2.29086756706238,,2011,1.57907593250275,1.96411323547363,40.0409856051015,0.818121298166467,1.89464735984802,New Zealand,1.87170588970184,2.09349621669912,,1.37673103809357,Low-Risk,0,0,0,0,0,0,0,0,2011
2.30788779258728,,2012,1.61772203445435,1.84479916095734,34.9609913456861,2.17878824315978,1.88321006298065,New Zealand,1.79215371608734,2.36630664656174,,1.36136555671692,Low-Risk,0,0,0,0,0,0,0,0,2012
2.33418917655945,,2013,1.60602045059204,1.81913685798645,33.073784356995,-0.0363955159235948,1.87013530731201,New Zealand,1.7499874830246,2.58954199031598,,1.45392656326294,Low-Risk,0,0,0,0,0,0,0,0,2013
2.24941229820251,,2014,1.52432608604431,1.94383800029755,32.3273793106287,1.61353184490058,2.00404477119446,New Zealand,1.92498862743378,3.82638491760299,,1.46792757511139,Low-Risk,0,0,0,0,0,0,0,0,2014
2.23321151733398,,2015,1.55502474308014,1.91034615039825,31.5156493940971,-0.0411688255414617,1.96533977985382,New Zealand,1.85281825065613,3.69036908387233,,1.51113760471344,Low-Risk,0,0,0,0,0,0,0,0,2015
2.23673152923584,,2016,1.53386211395264,2.02746391296387,30.6954172142523,1.0619303911252,1.9136335849762,New Zealand,1.8059014081955,3.77911068354334,,1.50114333629608,Low-Risk,0,0,0,0,0,0,0,0,2016
2.19591546058655,,2017,1.5597071647644,2.08179926872253,29.8953968712196,1.15602540847251,1.88447558879852,New Zealand,1.72795903682709,3.37873219470765,,1.56194603443146,Low-Risk,0,0,0,0,0,0,0,0,2017
2.13542580604553,,2018,1.6052497625351,2.00085973739624,29.6846795093578,1.18710350117229,1.83380126953125,New Zealand,1.62871909141541,3.47058203866328,,1.51216292381287,Low-Risk,0,0,0,0,0,0,0,0,2018
2.13093376159668,,2019,1.5376101732254,1.8710173368454,30.0637021870177,1.36885808151902,1.84377896785736,New Zealand,1.63243579864502,2.31747144034802,,1.41695356369019,Low-Risk,0,0,0,0,0,0,0,0,2019
2.11690759658813,,2020,1.59747445583344,1.87444794178009,36.3461114628741,1.94110136401944,1.83839273452759,New Zealand,1.53874325752258,-0.307246896026541,,1.46835374832153,Low-Risk,0,0,0,0,0,0,0,0,2020
2.16975808143616,,2021,1.59413957595825,1.80264282226562,33.6065530712399,1.78752299153708,1.78116655349731,New Zealand,1.30568933486938,4.53540565716095,,1.39449656009674,Low-Risk,0,0,0,0,0,0,0,0,2021
2.16323399543762,,2022,1.65168607234955,1.86519300937653,35.5258252195945,3.34262941303518,1.73037374019623,New Zealand,1.34026157855988,3.49638686458842,,1.32116913795471,Low-Risk,0,0,0,0,0,0,0,0,2022
2.08409547805786,,2023,1.68778347969055,1.91022837162018,,1.40756582604372,1.70570802688599,New Zealand,1.5299768447876,1.39425181563566,,1.35856962203979,Low-Risk,0,0,0,0,0,0,0,0,2023
2.07725214958191,0.2,2010,1.59508776664734,1.5119845867157,34.7251099755849,5.01894398780264,1.88987576961517,Norway,1.87354242801666,0.787051861494078,,1.33231151103973,Low-Risk,0,0,0,0,0,0,0,0,2010
2.14263248443604,0.1,2011,1.62635803222656,1.60296952724457,34.1417879241789,2.05367635776007,1.86417806148529,Norway,1.83171236515045,1.10565603382983,,1.33797693252563,Low-Risk,0,0,0,0,0,0,0,0,2011
2.24798226356506,0.1,2012,1.72816324234009,1.53973925113678,33.7289756030843,5.44056216851406,1.95103108882904,Norway,1.8999354839325,2.71795924894734,,1.32746982574463,Low-Risk,0,0,0,0,0,0,0,0,2012
2.28692841529846,0.2,2013,1.73790335655212,1.65741109848022,34.1933156114143,-0.260184320751091,1.97096431255341,Norway,1.87676703929901,1.01619084044641,,1.3520919084549,Low-Risk,0,0,0,0,0,0,0,0,2013
2.22268295288086,0.1,2014,1.68400382995605,1.64058220386505,35.6063174620846,0.646203788277674,2.02431488037109,Norway,1.82170379161835,2.04813200438943,,1.11995851993561,Low-Risk,0,0,0,0,0,0,0,0,2014
2.20029306411743,0.2,2015,1.68808364868164,1.59465098381042,38.1512199127016,1.87399423252337,1.97525000572205,Norway,1.8330682516098,1.85733971623901,,1.14562010765076,Low-Risk,0,0,0,0,0,0,0,0,2015
2.14950466156006,0.3,2016,1.66545379161835,1.6863489151001,39.7385780326601,-5.03254975124343,1.99445748329163,Norway,1.83236646652222,1.16472423928819,,1.18162095546722,Low-Risk,0,0,0,0,0,0,0,0,2016
2.19124555587769,0.3,2017,1.69478344917297,1.80552613735199,38.6946477433892,1.46874278067631,1.98068571090698,Norway,1.94444799423218,2.46374626574153,,1.15070176124573,Low-Risk,0,0,0,0,0,0,0,0,2017
2.05031037330627,0.3,2018,1.70934963226318,1.78418827056885,37.129454079189,-1.28796404191648,1.92207717895508,Norway,1.84514558315277,0.828931500516902,,1.12084853649139,Low-Risk,0,0,0,0,0,0,0,0,2018
2.0337541103363,0.2,2019,1.65354299545288,1.79789400100708,38.5620876873851,3.99513402641071,1.94084346294403,Norway,1.82773196697235,1.12374694968757,,1.14211213588715,Low-Risk,0,0,0,0,0,0,0,0,2019
2.06576919555664,0.3,2020,1.72022712230682,1.69426965713501,45.3909564287933,-0.892552414465765,1.92992174625397,Norway,1.88777232170105,-1.27817177234034,,1.22160577774048,Low-Risk,0,0,0,0,0,0,0,0,2020
2.10831046104431,0.2,2021,1.73803555965424,1.62860715389252,36.5206567819884,3.64643942475354,1.90791833400726,Norway,1.79539930820465,3.90868676830634,,1.08862638473511,Low-Risk,0,0,0,0,0,0,0,0,2021
2.0676383972168,0.3,2022,1.78067529201508,1.5161395072937,29.2916941759893,2.39446435427431,1.76085293292999,Norway,1.94172024726868,3.24622860260932,,0.86123925447464,Low-Risk,0,0,0,0,0,0,0,0,2022
2.11352157592773,0.2,2023,1.77725434303284,1.59752345085144,35.8939296791432,2.8543922106997,1.83398151397705,Norway,1.79993534088135,0.0721204806030329,,0.892857432365417,Low-Risk,0,0,0,0,0,0,0,0,2023
-0.781123995780945,,2010,-0.039045549929142,-0.215251356363297,13.7936889438216,0.513698049517659,-0.553793609142303,Philippines,0.0709009245038033,7.33449996034538,28.1962101295523,-1.65075957775116,Medium-Risk,1,1,1,1,1,1,6,1,2010
-0.685034811496735,,2011,-0.0199026539921761,-0.160969600081444,13.5211906618935,0.856963002985963,-0.506389260292053,Philippines,0.189581170678139,3.85823282795663,25.4724026227886,-1.39218163490295,Medium-Risk,1,1,1,1,1,1,6,1,2011
-0.573895454406738,21.3,2012,-0.0296867359429598,0.0405046008527279,13.5454813748711,1.22763000703119,-0.522410273551941,Philippines,0.205686181783676,6.89695171050985,23.8486165444834,-1.18824028968811,Medium-Risk,1,1,1,1,1,1,6,1,2012
-0.380065739154816,,2013,0.00626141391694546,0.0231475681066513,13.20715199779,1.31642638378197,-0.469005644321442,Philippines,0.205928966403008,6.75053130142255,20.8599970892676,-1.08425319194794,Medium-Risk,1,1,1,1,1,1,6,1,2013
-0.439754605293274,,2014,0.159192964434624,0.0773035287857056,12.8216477698348,1.92937522802216,-0.369522929191589,Philippines,0.31771445274353,6.34798748260867,23.2583864226071,-0.713820934295654,Medium-Risk,1,1,1,1,1,1,6,1,2014
-0.481130987405777,14.6,2015,0.14704766869545,0.0541701726615429,13.4767411156598,1.84018010717942,-0.417368292808533,Philippines,0.160157755017281,6.34830971672761,22.3349719565779,-0.854724228382111,Medium-Risk,1,1,1,1,1,1,6,1,2015
-0.519234538078308,,2016,0.163373067975044,0.112924449145794,13.4351490147382,2.59850803494211,-0.431536346673965,Philippines,0.0184973310679197,7.14945675000752,21.1393857334664,-1.37869036197662,Medium-Risk,1,1,1,1,1,1,6,1,2016
-0.507541537284851,,2017,0.0839975401759148,0.127081677317619,13.6131575683624,3.12238778404896,-0.501289486885071,Philippines,-0.0349111147224903,6.9309883258402,20.0551782939585,-1.18929100036621,Medium-Risk,1,1,1,1,1,1,6,1,2017
-0.576294243335724,8.3,2018,0.0210947003215551,0.0287664085626602,14.2125593180425,2.86833826070497,-0.565135478973389,Philippines,0.062349122017622,6.34148557153473,20.5816241678276,-1.09620380401611,Medium-Risk,1,1,1,1,1,1,6,1,2018
-0.606206953525543,,2019,0.00574713759124279,0.100199609994888,14.8073074115535,2.30117498598294,-0.57440197467804,Philippines,0.059953011572361,6.11852566221303,20.1781567560598,-0.9280606508255,Medium-Risk,1,1,1,1,1,1,6,1,2019
-0.510658323764801,,2020,-0.106204241514206,0.113156676292419,19.5603029244639,1.88586363211171,-0.652070105075836,Philippines,0.0678123831748962,-9.51829474045297,25.3116154574058,-0.778704285621643,Medium-Risk,1,1,1,1,1,1,6,1,2020
-0.530111014842987,8.1,2021,-0.154726296663284,0.0623732283711433,19.1392292224505,3.04078855310045,-0.666802585124969,Philippines,0.0347901321947575,5.71473313185116,26.0840083553609,-0.984022319316864,Medium-Risk,1,1,1,1,1,1,6,1,2021
-0.541212201118469,,2022,-0.0548803359270096,0.0627855956554413,18.6068893324404,2.3475097233369,-0.518263161182404,Philippines,0.063930444419384,7.58098212785563,25.9821705682316,-0.655268549919128,Medium-Risk,1,1,1,1,1,1,6,1,2022
-0.537639975547791,5.3,2023,-0.0168379731476307,0.16425496339798,16.8805903401184,2.0421035482067,-0.41814711689949,Philippines,0.154091909527779,5.51894967862863,25.0233834846282,-0.566050469875336,Medium-Risk,1,1,1,1,1,1,6,1,2023
2.17136287689209,,2010,-0.208965808153152,1.78359937667847,12.4128043266242,23.0694716770803,1.61884760856628,Singapore,2.28112554550171,14.5197497108994,,1.16941487789154,Low-Risk,1,0,0,0,0,0,1,0,2010
2.10299706459045,,2011,-0.10202718526125,1.7832305431366,12.7726522542327,17.5960314065855,1.66075348854065,Singapore,2.19381713867188,6.21493416858989,,1.19142174720764,Low-Risk,1,0,0,0,0,0,1,0,2011
2.11570811271667,,2012,0.0530913695693016,1.95790207386017,12.3839623831082,18.7435244231802,1.72407805919647,Singapore,2.20258617401123,4.43549759378537,,1.36817455291748,Low-Risk,1,0,0,0,0,0,1,0,2012
2.07046675682068,,2013,0.0366793386638165,1.96010839939117,12.3753378735642,20.9344810446532,1.69725751876831,Singapore,2.12806558609009,4.81763099120676,,1.378178358078,Low-Risk,1,0,0,0,0,0,1,0,2013
2.06742691993713,,2014,-0.0988200157880783,2.22636008262634,13.1510655902688,21.8184880782679,1.82067048549652,Singapore,2.21747350692749,3.93554027709007,,1.18627142906189,Low-Risk,1,0,0,0,0,0,1,0,2014
2.05113077163696,,2015,-0.161713510751724,2.25223541259766,15.9255259430938,22.6541826890491,1.77914321422577,Singapore,2.248699426651,2.97679931634806,,1.29889214038849,Low-Risk,1,0,0,0,0,0,1,0,2015
2.04224157333374,,2016,-0.149904429912567,2.17064332962036,14.4158695300905,20.3766287562495,1.78623282909393,Singapore,2.21462416648865,3.74757848792792,,1.47746896743774,Low-Risk,1,0,0,0,0,0,1,0,2016
2.08878493309021,,2017,-0.168806582689285,2.10915470123291,14.2879989784805,29.6706126230568,1.78575432300568,Singapore,2.22598195075989,4.47689915845876,,1.59912502765656,Low-Risk,1,0,0,0,0,0,1,0,2017
2.13473129272461,,2018,-0.0758845582604408,2.12173795700073,14.6822557796545,22.1183772606386,1.80290043354034,Singapore,2.23176574707031,3.4519759658687,,1.46825659275055,Low-Risk,1,0,0,0,0,0,1,0,2018
2.12004280090332,,2019,-0.206006988883018,2.15443754196167,14.1706593749508,28.3315504321637,1.83805370330811,Singapore,2.2316722869873,1.30804118153127,,1.48045420646667,Low-Risk,1,0,0,0,0,0,1,0,2019
2.11823177337646,,2020,-0.203881621360779,2.20529913902283,25.7456316212339,22.841082837391,1.83543491363525,Singapore,2.28420281410217,-3.81470885510713,,1.43851101398468,Low-Risk,1,0,0,0,0,0,1,0,2020
2.13951063156128,,2021,-0.13955394923687,2.22689867019653,16.2824973554065,33.3045808694371,1.81946074962616,Singapore,2.24803853034973,9.7568044629903,,1.44250547885895,Low-Risk,1,0,0,0,0,0,1,0,2021
2.09469985961914,,2022,-0.0601325668394566,2.21437835693359,14.8222699043527,29.414237864711,1.77819037437439,Singapore,2.14423561096191,4.10800021897151,,1.44037234783173,Low-Risk,1,0,0,0,0,0,1,0,2022
2.04018402099609,,2023,-0.0654119327664375,2.30859136581421,17.3034829398763,26.2141035698283,1.75317537784576,Singapore,2.31747198104858,1.82140694115385,,1.42420423030853,Low-Risk,1,0,0,0,0,0,1,0,2023
0.0653930976986885,29.5,2010,0.602090120315552,0.445573270320892,29.5775128260769,0.884904611686012,0.0977494567632675,South Africa,0.191702410578728,3.03973288127956,28.1800559318895,-0.0294270031154156,Medium-Risk,1,1,1,1,1,1,6,1,2010
-0.00423370534554124,,2011,0.590838611125946,0.446406275033951,31.0619734464171,0.903381424332556,0.129662588238716,South Africa,0.217559650540352,3.16855627858818,27.7414231921247,0.0240315701812506,Medium-Risk,1,1,1,1,1,1,6,1,2011
-0.184170603752136,,2012,0.5821533203125,0.398661673069,30.3651797341743,1.06492249485696,0.0844441577792168,South Africa,0.170115306973457,2.39623238465745,34.9360348114713,-0.0253867004066706,Medium-Risk,1,1,1,1,1,1,6,1,2012
-0.138074696063995,,2013,0.600654542446136,0.380482465028763,31.259190573785,2.05358095229684,0.135300785303116,South Africa,0.30602103471756,2.48546800826588,36.2068137000957,-0.0462945364415646,Medium-Risk,1,1,1,1,1,1,6,1,2013
-0.125287011265755,31.2,2014,0.640296518802643,0.230833724141121,31.9053501556958,1.5193274375398,0.155199274420738,South Africa,0.165043815970421,1.41382645223793,40.1667158742941,-0.146388962864876,Medium-Risk,1,1,1,1,1,1,6,1,2014
-0.0708397477865219,,2015,0.648553431034088,0.208593904972076,33.6797787454907,0.438735792056356,0.0157780386507511,South Africa,0.0873290970921516,1.32186223678229,37.7078002750993,-0.220544874668121,Medium-Risk,1,1,1,1,1,1,6,1,2015
0.0170262884348631,,2016,0.648330509662628,0.119783155620098,32.1896608002111,0.684612553455795,0.0435598641633987,South Africa,0.101402580738068,0.664552307858116,45.6869077355498,-0.149085000157356,Medium-Risk,1,1,1,1,1,1,6,1,2016
-0.12777316570282,,2017,0.630274713039398,0.13887757062912,33.2518124768773,0.539673956759456,-0.15624788403511,South Africa,0.0707959234714508,1.15794695181735,47.189634345937,-0.284803628921509,Medium-Risk,1,1,1,1,1,1,6,1,2017
-0.136797428131104,,2018,0.63723361492157,-0.0407781675457954,33.9954978254972,1.37429117153459,-0.22182808816433,South Africa,0.103647440671921,1.55678384721676,45.7386176540485,-0.237546816468239,Medium-Risk,1,1,1,1,1,1,6,1,2018
-0.0312809906899929,,2019,0.643925607204437,0.00850539095699787,34.6532754617872,1.31407752293306,-0.188336730003357,South Africa,0.127971157431602,0.25993557687633,50.2455135053928,-0.2832210958004,Medium-Risk,1,1,1,1,1,1,6,1,2019
-0.0594757050275803,,2020,0.690293967723846,0.0204948224127293,37.8354162011745,0.933073684352394,-0.243993982672691,South Africa,0.0465345233678818,-6.1689177146757,52.780991413988,-0.252867221832275,Medium-Risk,1,1,1,1,1,1,6,1,2020
-0.0341691114008427,,2021,0.783295750617981,-0.0907086357474327,34.53100888431,9.6602653363801,0.0649796947836876,South Africa,-0.0701303705573082,4.95503259440756,41.0396501185489,-0.750981450080872,Medium-Risk,1,1,1,1,1,1,6,1,2021
-0.33009460568428,,2022,0.723274409770966,-0.185125753283501,33.4798352578178,2.27046857469365,0.0407747849822044,South Africa,-0.109027646481991,1.91147996033504,43.0974181830946,-0.681386351585388,Medium-Risk,1,1,1,1,1,1,6,1,2022
-0.284670442342758,,2023,0.744892179965973,-0.223697945475578,,1.01471020714548,0.0862350836396217,South Africa,-0.256946682929993,0.698485193724835,44.1469911838428,-0.665642023086548,Medium-Risk,1,1,1,1,1,1,6,1,2023
2.06414246559143,0.1,2010,1.58491122722626,1.62086713314056,16.7197445696918,2.95077319370739,1.74979496002197,Switzerland,1.8709591627121,3.24339715656356,,1.25859427452087,Low-Risk,0,0,0,0,0,0,0,0,2010
2.0290699005127,0.0,2011,1.58480751514435,1.61533617973328,16.6376791837765,2.90052077420682,1.72214198112488,Switzerland,1.86164331436157,1.81310830459596,,1.30034208297729,Low-Risk,0,0,0,0,0,0,0,0,2011
2.13839817047119,0.0,2012,1.64012205600739,1.65106618404388,16.5219261840556,5.81910221569192,1.81180202960968,Switzerland,1.88282430171967,1.17925385250513,,1.41833603382111,Low-Risk,0,0,0,0,0,0,0,0,2012
2.12489438056946,0.0,2013,1.6280300617218,1.61979234218597,16.7887620098092,-3.52948637026792,1.79604589939117,Switzerland,1.81637847423553,1.79214400716117,,1.4011402130127,Low-Risk,0,0,0,0,0,0,0,0,2013
2.1475772857666,0.0,2014,1.55940091609955,1.80034029483795,16.7192644780742,2.89084631923904,1.99025726318359,Switzerland,2.10431861877441,2.34988141500179,,1.40265262126923,Low-Risk,0,0,0,0,0,0,0,0,2014
2.09474182128906,0.0,2015,1.55868053436279,1.72945630550385,17.0674446630017,17.1083833328203,1.90928101539612,Switzerland,1.96745336055756,1.64462750849488,,1.32649421691895,Low-Risk,0,0,0,0,0,0,0,0,2015
1.94298648834229,0.0,2016,1.53236222267151,1.90037965774536,17.2408228496826,24.2480735008832,1.90616285800934,Switzerland,1.97178089618683,2.06868969039562,,1.28985404968262,Low-Risk,0,0,0,0,0,0,0,0,2016
1.94518792629242,0.0,2017,1.5572851896286,1.8755749464035,17.2162171145504,20.6035377868275,1.88867199420929,Switzerland,2.01780319213867,1.36279965488859,,1.24231648445129,Low-Risk,0,0,0,0,0,0,0,0,2017
1.96969377994537,0.0,2018,1.59282386302948,1.7912358045578,16.7182236540887,-22.1051198346506,1.88756000995636,Switzerland,1.99707686901093,2.86044579439036,,1.3194819688797,Low-Risk,0,0,0,0,0,0,0,0,2018
1.94492661952972,0.0,2019,1.49553549289703,1.65198791027069,16.8530605013535,2.82348535660299,1.86265933513641,Switzerland,1.91622769832611,1.14198218965691,,1.31097543239594,Low-Risk,0,0,0,0,0,0,0,0,2019
2.04542946815491,0.1,2020,1.53616297245026,1.58489263057709,20.0431954756295,-32.547361125173,1.77689027786255,Switzerland,1.97202301025391,-2.14173712008038,,1.17624020576477,Low-Risk,0,0,0,0,0,0,0,0,2020
1.95883810520172,0.0,2021,1.54166948795319,1.72331547737122,18.9667523426681,-15.1214427821146,1.76798534393311,Switzerland,1.99079787731171,5.55962020605844,,1.11537563800812,Low-Risk,0,0,0,0,0,0,0,0,2021
2.00936198234558,0.2,2022,1.62134683132172,1.62011301517487,16.4692697536485,-1.9380912110037,1.75118839740753,Switzerland,2.04943490028381,3.04406102969423,,1.15974533557892,Low-Risk,0,0,0,0,0,0,0,0,2022
2.02199912071228,,2023,1.66502690315247,1.72938001155853,16.7263244208761,-9.93929495136828,1.76172566413879,Switzerland,2.13492703437805,0.683328174376044,,1.07144391536713,Low-Risk,0,0,0,0,0,0,0,0,2023
-1.03196251392365,0.1,2010,-0.0839820206165314,-0.454440265893936,39.5439524891017,4.56840018285092,-0.844159185886383,Ukraine,-0.820753991603851,4.09200436668087,91.5918932375376,0.0131317190825939,High-Risk,1,1,1,1,1,1,6,1,2010
-1.0867133140564,0.1,2011,-0.132440626621246,-0.563705265522003,36.8763128364085,4.256089748054,-0.851141273975372,Ukraine,-0.867093980312347,5.44528081048476,85.1737693525904,-0.0704314634203911,High-Risk,1,1,1,1,1,1,6,1,2011
-1.11753916740417,0.1,2012,-0.2795430123806,-0.554683208465576,39.5379741977224,4.47720109403357,-0.81733900308609,Ukraine,-0.59455281496048,0.152314967200653,74.055964307376,-0.0922749042510986,High-Risk,1,1,1,1,1,1,6,1,2012
-1.17666733264923,0.1,2013,-0.315425783395767,-0.585612416267395,38.6815940819239,2.36694390135139,-0.844953835010529,Ukraine,-0.664322078227997,0.045439094492707,78.2755632633463,-0.777284979820251,High-Risk,1,1,1,1,1,1,6,1,2013
-1.02474439144135,0.0,2014,-0.142272517085075,-0.586776256561279,43.5407000374941,0.634438528402592,-0.829762279987335,Ukraine,-0.39884689450264,-10.0788949840953,96.7265802999128,-2.02083349227905,High-Risk,1,1,1,1,1,1,6,1,2014
-1.03961312770844,0.3,2015,-0.0868236571550369,-0.618873357772827,37.3687532184352,-0.217508398305494,-0.873573780059814,Ukraine,-0.554407000541687,-9.7729872128676,125.025871206995,-1.95953238010406,High-Risk,1,1,1,1,1,1,6,1,2015
-0.867796838283539,0.2,2016,0.00176708493381739,-0.410622745752335,33.5044167207813,4.42178946686191,-0.817245066165924,Ukraine,-0.609457552433014,2.44098194492067,123.342420933118,-1.8533319234848,High-Risk,1,1,1,1,1,1,6,1,2016
-0.832255303859711,0.1,2017,0.0149604445323348,-0.281774550676346,33.6062064378191,3.28306130596563,-0.756031930446625,Ukraine,-0.514022350311279,2.35997228099491,109.407147922562,-1.86741781234741,High-Risk,1,1,1,1,1,1,6,1,2017
-0.921338856220245,0.2,2018,-0.0306271463632584,-0.256266981363297,33.4087191126581,3.80086991777664,-0.760341882705688,Ukraine,-0.459631830453873,3.48836234022659,92.7372175750206,-1.87217938899994,High-Risk,1,1,1,1,1,1,6,1,2018
-0.800639629364014,0.2,2019,0.0230735149234533,-0.216642439365387,33.057438930624,3.76649676088543,-0.745435535907745,Ukraine,-0.334266752004623,3.19950386354134,80.6987144339379,-1.42837619781494,High-Risk,1,1,1,1,1,1,6,1,2019
-0.832628607749939,0.0,2020,0.0889049544930458,-0.266943335533142,37.2092047751482,0.194103193490519,-0.713144361972809,Ukraine,-0.410091131925583,-3.75281793983162,83.3576019691388,-1.16393649578094,High-Risk,1,1,1,1,1,1,6,1,2020
-0.787211775779724,,2021,0.070615366101265,-0.290212571620941,33.2615744813331,3.98166133947207,-0.681738317012787,Ukraine,-0.439535766839981,3.44562065945944,70.5832658828963,-1.12698400020599,High-Risk,1,1,1,1,1,1,6,1,2021
-0.634004473686218,,2022,-0.0233073923736811,-0.331597328186035,57.894766176113,0.136428578229067,-0.917947947978973,Ukraine,-0.497119277715683,-28.7585842155085,84.0719419936619,-1.94932460784912,High-Risk,1,1,1,1,1,1,6,1,2022
-0.686146318912506,,2023,-0.100543133914471,-0.266427397727966,65.5600221546264,2.52287921090664,-0.888317406177521,Ukraine,-0.357320100069046,5.53473354745886,96.1309681619187,-1.42982339859009,High-Risk,1,1,1,1,1,1,6,1,2023
-1.2080090045929,,2010,-0.870534300804138,-1.56311976909637,,0.402601927997842,-1.66915047168732,Venezuela,-1.10220277309418,-1.48879125078348,,-1.25623667240143,High-Risk,1,1,1,1,1,1,6,1,2010
-1.1550704240799,,2011,-0.934033572673798,-1.40288519859314,,1.85002511047875,-1.68640148639679,Venezuela,-1.13208639621735,4.17642535923927,,-1.09404599666595,High-Risk,1,1,1,1,1,1,6,1,2011
-1.25829756259918,,2012,-0.906963706016541,-1.4448344707489,,1.3076789836805,-1.71477735042572,Venezuela,-1.08209621906281,5.62595697508641,,-1.02713263034821,High-Risk,1,1,1,1,1,1,6,1,2012
-1.30703294277191,,2013,-0.951655030250549,-1.52926170825958,,0.57815873215477,-1.78616905212402,Venezuela,-1.11433899402618,1.34309403607476,,-1.07763242721558,High-Risk,1,1,1,1,1,1,6,1,2013
-1.3949111700058,,2014,-1.08385908603668,-1.74004256725311,,0.23530176692753,-1.90949594974518,Venezuela,-1.17517960071564,-3.89438647450662,,-0.852002203464508,High-Risk,1,1,1,1,1,1,6,1,2014
-1.40739834308624,,2015,-1.09116637706757,-1.87266981601715,,,-2.0527765750885,Venezuela,-1.19639098644257,,,-0.971670269966125,High-Risk,1,1,1,1,1,1,6,1,2015
-1.36666917800903,,2016,-1.13540399074554,-1.99904632568359,,,-2.26694512367249,Venezuela,-1.27398240566254,,,-1.0229766368866,High-Risk,1,1,1,1,1,1,6,1,2016
-1.3856645822525,,2017,-1.21793925762177,-1.98466944694519,,,-2.2592396736145,Venezuela,-1.42753195762634,,,-1.2522406578064,High-Risk,1,1,1,1,1,1,6,1,2017
-1.51229763031006,,2018,-1.43971180915833,-2.38673639297485,,,-2.26557350158691,Venezuela,-1.67155385017395,,,-1.3513343334198,High-Risk,1,1,1,1,1,1,6,1,2018
-1.52768540382385,,2019,-1.42963433265686,-2.38258337974548,,,-2.25944232940674,Venezuela,-1.72244477272034,,,-1.53851962089539,High-Risk,1,1,1,1,1,1,6,1,2019
-1.57573306560516,,2020,-1.51546669006348,-2.26745915412903,,,-2.33193492889404,Venezuela,-1.88937568664551,,,-1.55184280872345,High-Risk,1,1,1,1,1,1,6,1,2020
-1.62293994426727,,2021,-1.61773121356964,-2.21518588066101,,,-2.30089545249939,Venezuela,-1.87459766864777,,,-1.45497024059296,High-Risk,1,1,1,1,1,1,6,1,2021
-1.65152418613434,,2022,-1.54475474357605,-2.04584336280823,,,-2.19816279411316,Venezuela,-1.68905186653137,,,-1.25080645084381,High-Risk,1,1,1,1,1,1,6,1,2022
-1.69000518321991,,2023,-1.5313206911087,-2.02624750137329,,,-2.15153360366821,Venezuela,-1.599200963974,,,-1.18902802467346,High-Risk,1,1,1,1,1,1,6,1,2023
-1.37328672409058,,2010,-1.47518157958984,-2.00182390213013,16.1209443547968,1.01802616388953,-1.83763182163239,Zimbabwe,-1.53839468955994,19.6754076562536,61.0751907978306,-1.10401391983032,High-Risk,1,1,1,1,1,1,6,1,2010
-1.42562651634216,35.7,2011,-1.46376252174377,-1.8921492099762,19.0771549950937,2.44153210822879,-1.79394936561584,Zimbabwe,-1.42085576057434,14.193915731251,59.0639850590278,-0.945328533649445,High-Risk,1,1,1,1,1,1,6,1,2011
-1.38180339336395,,2012,-1.47196817398071,-1.87189054489136,20.2119298760243,2.04414166744532,-1.63018405437469,Zimbabwe,-1.37375247478485,16.665428979757,58.320418316358,-0.778662025928497,High-Risk,1,1,1,1,1,1,6,1,2012
-1.42002665996552,,2013,-1.38633239269257,-1.85489869117737,,1.95406170974962,-1.5877091884613,Zimbabwe,-1.30847012996674,1.98948553969423,48.8894081068738,-0.665949761867523,High-Risk,1,1,1,1,1,1,6,1,2013
-1.40475881099701,,2014,-1.25700736045837,-1.892657995224,,2.42516912870729,-1.44185197353363,Zimbabwe,-1.2813538312912,2.37698570395052,48.319673553011,-0.713570177555084,High-Risk,1,1,1,1,1,1,6,1,2014
-1.33777570724487,,2015,-1.16633772850037,-1.65623307228088,21.8094849313164,1.99969354812061,-1.33903956413269,Zimbabwe,-1.24957311153412,1.77985354092071,55.1384167758717,-0.619207262992859,High-Risk,1,1,1,1,1,1,6,1,2015
-1.28866481781006,,2016,-1.1791604757309,-1.69492197036743,25.2362484712416,1.66926771128193,-1.391646027565,Zimbabwe,-1.25887811183929,0.755794054371208,64.0275803013103,-0.620809733867645,High-Risk,1,1,1,1,1,1,6,1,2016
-1.29811477661133,44.7,2017,-1.1963711977005,-1.57755374908447,9.78276662473592,0.601447643354898,-1.39540266990662,Zimbabwe,-1.28023886680603,4.7344112255433,25.6176220110699,-0.710430860519409,High-Risk,1,1,1,1,1,1,6,1,2017
-1.24637961387634,,2018,-1.13737499713898,-1.52565240859985,10.9772842777823,2.10172185120128,-1.29305863380432,Zimbabwe,-1.29795515537262,5.00992138188113,37.9424532486314,-0.721012055873871,High-Risk,1,1,1,1,1,1,6,1,2018
-1.29033386707306,49.2,2019,-1.1648313999176,-1.48651528358459,,0.970226031083543,-1.3110408782959,Zimbabwe,-1.3104350566864,-6.33244975108572,48.4900872128193,-0.943302512168884,High-Risk,1,1,1,1,1,1,6,1,2019
-1.30878782272339,,2020,-1.11459863185883,-1.43441534042358,,0.559613084240531,-1.33736205101013,Zimbabwe,-1.34236812591553,-7.81693284075131,48.3940475120946,-1.05274343490601,High-Risk,1,1,1,1,1,1,6,1,2020
-1.27714729309082,,2021,-1.14104509353638,-1.38610911369324,,0.871791264466441,-1.28212225437164,Zimbabwe,-1.29056119918823,8.46803916934418,51.9032795254525,-0.954442739486694,High-Risk,1,1,1,1,1,1,6,1,2021
-1.25996947288513,,2022,-1.10950314998627,-1.42596733570099,,1.02703421422807,-1.23702752590179,Zimbabwe,-1.25122380256653,6.1391761744749,43.180953537222,-0.894974112510681,High-Risk,1,1,1,1,1,1,6,1,2022
-1.26121604442596,,2023,-1.09263300895691,-1.33835864067078,,1.58345534220487,-1.27714252471924,Zimbabwe,-1.17033493518829,5.33677037339527,40.8476829567855,-0.934447467327118,High-Risk,1,1,1,1,1,1,6,1,2023
