Political_Stability,FDI_Inflows_perc_GDP,Rule_of_Law,External_Debt_perc_GNI,Country,GDP_Growth_annual_perc,Govt_Expenditure_perc_GDP,Regulatory_Quality,Poverty_Headcount_Ratio,Government_Effectiveness,Voice_Accountability,Year,Control_of_Corruption
-0.226182341575623,-3.85111149953586,-1.27295327186584,35.3911613090284,Angola,4.39837593810763,25.6491757416689,-1.06021749973297,,-1.13826775550842,-1.12052512168884,2010,-1.33247494697571
-0.369237810373306,-2.70487323645008,-1.27705323696136,33.9687833337354,Angola,3.47205314798103,26.671321487158,-1.10753154754639,,-1.19323122501373,-1.12547838687897,2011,-1.36746907234192
-0.389322549104691,-1.14376777921662,-1.30477690696716,30.7446796123415,Angola,8.54210707584141,23.4498300606546,-0.990437567234039,,-0.988945424556732,-1.07624673843384,2012,-1.30240142345428
-0.39123347401619,-5.38013099536349,-1.29094779491425,35.3141708088895,Angola,4.95461303112738,28.2092373749944,-1.0416704416275,,-1.24288654327393,-1.11391913890839,2013,-1.33697164058685
-0.333232045173645,2.69000564690096,-1.07495403289795,35.9601982257134,Angola,4.82255926962156,27.967359355335,-0.860683441162109,,-1.05657386779785,-1.14532363414764,2014,-1.45822596549988
-0.50538581609726,11.0813390258994,-1.03065872192383,56.7801551813803,Angola,0.943571561325001,20.8188316179919,-0.8636714220047,,-0.929087340831757,-1.17716491222382,2015,-1.42772650718689
-0.321580082178116,-0.340242828705014,-1.00395023822784,114.845094739154,Angola,-2.58004964404932,17.5116639833286,-0.969250917434692,,-0.971493542194366,-1.14032745361328,2016,-1.48399043083191
-0.387895494699478,-10.0383767819736,-1.03998208045959,84.9404832711627,Angola,-0.147212941085755,16.671137232855,-1.04546654224396,,-0.951988995075226,-1.09524345397949,2017,-1.44517171382904
-0.347208589315414,-8.12589110876485,-1.00106203556061,84.2843625797666,Angola,-1.31636168896895,15.6076580956447,-0.8006831407547,39.3,-1.00525164604187,-0.903594315052032,2018,-1.19948387145996
-0.368411600589752,-5.78081314286634,-1.02354824542999,96.5947267900598,Angola,-0.702272957616017,16.6849522138374,-0.833844542503357,,-1.1284898519516,-0.793109953403473,2019,-1.05461812019348
-0.599917888641357,-3.84826398729862,-0.951058804988861,148.159899274824,Angola,-5.63821471714934,,-0.856853485107422,,-1.25748455524445,-0.816005945205688,2020,-0.93506121635437
-0.710480749607086,-6.54854227564071,-0.983753621578217,108.138096106725,Angola,1.19921052145153,,-0.670014679431915,,-1.1263599395752,-0.859023571014404,2021,-0.649475812911987
-0.630108535289764,-6.32056384328187,-1.02203571796417,62.7299371223109,Angola,3.04472652391918,,-0.606698572635651,,-1.02603423595428,-0.807577967643738,2022,-0.612375736236572
-0.34150505065918,-2.49735273623951,-1.09906601905823,74.300461802381,Angola,1.07809951970673,,-0.761388182640076,,-1.00890958309174,-0.737252414226532,2023,-0.60992020368576
0.888859868049622,3.0948394339821,1.75771832466125,,Australia,2.21998026536549,26.7049854253781,1.69597673416138,0.3,1.76339137554169,1.41976547241211,2010,2.02361083030701
0.935710072517395,4.68881515477357,1.73315370082855,,Australia,2.40708018291988,25.9965923165691,1.85212278366089,,1.69013810157776,1.45372104644775,2011,2.03790903091431
0.997997224330902,3.72019933653419,1.75977957248688,,Australia,3.91670942454073,26.1190161107402,1.77889716625214,,1.61314845085144,1.49919033050537,2012,1.97750723361969
1.03107297420502,3.45392766613525,1.77010083198547,,Australia,2.60219339436559,25.8800823016892,1.79121994972229,,1.632453083992,1.43636846542358,2013,1.77783310413361
1.03219199180603,4.30470664387579,1.91863083839417,,Australia,2.59528411594042,26.2576336510283,1.85737347602844,0.5,1.60089492797852,1.36167418956757,2014,1.84927213191986
0.873180687427521,3.47020901785018,1.79032063484192,,Australia,2.19016928695221,26.7642142270028,1.77741026878357,,1.53325247764587,1.35573124885559,2015,1.84130811691284
1.0334244966507,3.56056595221134,1.7166656255722,,Australia,2.7593859723839,26.9840896451806,1.88573145866394,0.5,1.53218841552734,1.35410094261169,2016,1.77225196361542
0.87606406211853,3.63608951454837,1.64595770835876,,Australia,2.27959179820343,26.6338388364042,1.92300236225128,,1.49838602542877,1.37863683700562,2017,1.75297474861145
0.971185445785522,4.25033304779982,1.67466557025909,,Australia,2.87846971467883,26.2293809326048,1.89657723903656,0.5,1.55598998069763,1.39378583431244,2018,1.7674548625946
0.917978942394257,2.78196787472132,1.69461703300476,,Australia,2.17154505737176,26.1765021550141,1.86464607715607,,1.53869080543518,1.27036511898041,2019,1.78807365894318
0.862161874771118,1.35325605506287,1.61500358581543,,Australia,-0.119590735829973,30.2551947530937,1.81394696235657,1.0,1.57335329055786,1.29898488521576,2020,1.63298058509827
0.83507913351059,2.0246819461122,1.63855969905853,,Australia,2.11116814768786,32.6329859403151,1.83118271827698,,1.47172200679779,1.35812592506409,2021,1.70738875865936
0.983715951442719,4.16149504206489,1.5088187456131,,Australia,4.24238555336139,27.6611156622091,1.89489328861237,,1.52843272686005,1.32390677928925,2022,1.76436710357666
0.91705721616745,1.91730721115443,1.52318394184113,,Australia,3.44199220009025,,1.94220554828644,,1.58987963199615,1.50660192966461,2023,1.78120493888855
0.0134759107604623,3.73001288350945,0.0564144365489483,16.4609633883192,Brazil,7.52822581815364,28.0594682317914,0.246619865298271,,-0.0868625491857529,0.571348905563354,2010,0.0438063591718674
-0.132575422525406,3.91518011405433,0.0451417230069637,15.8516033315084,Brazil,3.97442307944702,28.662521677616,0.25802206993103,7.1,-0.152404069900513,0.513676166534424,2011,0.168382421135902
0.0459616407752037,3.75496285641218,-0.0769327953457832,18.3256247175724,Brazil,1.92117598576537,28.1749993082199,0.173244088888168,6.4,-0.16054867208004,0.477906197309494,2012,-0.0468542315065861
-0.258553296327591,3.04150901624338,-0.0920452028512955,19.8377244696815,Brazil,3.00482266944432,28.150486422269,0.146290123462677,5.4,-0.119030974805355,0.417397052049637,2013,-0.0979596078395844
-0.070290133357048,3.57135266957477,-0.0529657602310181,23.1060429665359,Brazil,0.503955740242247,29.2822360064413,-0.0282199531793594,4.7,-0.175920635461807,0.471930146217346,2014,-0.366117089986801
-0.331864446401596,3.59214931791344,-0.187332957983017,30.7299282819868,Brazil,-3.54576339269425,33.9491788065831,-0.181910037994385,5.4,-0.255271553993225,0.458871006965637,2015,-0.457840710878372
-0.381035059690475,4.13737803865892,-0.201301991939545,30.9090873502902,Brazil,-3.27591690782192,33.4051681393353,-0.189951747655869,6.5,-0.249387070536613,0.451975852251053,2016,-0.446095585823059
-0.479947566986084,3.33825981739039,-0.305428564548492,26.8156664563017,Brazil,1.32286905404399,32.3610510090101,-0.130978867411613,6.9,-0.317140609025955,0.449531525373459,2017,-0.559814631938934
-0.459598511457443,4.07858821454947,-0.30234295129776,29.9289604201936,Brazil,1.783666761634,32.2312978931468,-0.293125450611115,6.9,-0.520569622516632,0.376852065324783,2018,-0.480954378843307
-0.714224636554718,3.692673213156,-0.224319815635681,31.1964144591405,Brazil,1.22077782360842,31.1361557850731,-0.121404096484184,7.0,-0.234114676713943,0.301444828510284,2019,-0.40789270401001
-0.44689092040062,2.59263795310275,-0.231919765472412,38.0074518565909,Brazil,-3.2767587964736,34.9119748286061,-0.111011527478695,2.8,-0.465709209442139,0.287395060062408,2020,-0.429083496332169
-0.419879764318466,2.77979084938159,-0.301417380571365,35.3118324255952,Brazil,4.76260437908608,29.4981043220662,-0.121613994240761,7.5,-0.492990374565125,0.254508823156357,2021,-0.499217957258224
-0.395036935806274,3.8221961533297,-0.257879137992859,30.5328616689335,Brazil,3.01669435393015,31.641435845417,-0.220437631011009,4.9,-0.588259339332581,0.225268334150314,2022,-0.566354334354401
-0.408567786216736,2.8497546823908,-0.308802843093872,28.8031393598682,Brazil,3.24165532906981,32.4311004876294,-0.29647821187973,3.8,-0.546764314174652,0.382853865623474,2023,-0.503643155097961
0.936318218708038,1.83725638740881,1.79859042167664,,Canada,3.09080634469335,19.0847071449408,1.69343030452728,0.2,1.77782678604126,1.35265874862671,2010,2.06187319755554
1.07717573642731,2.13783310760835,1.72711992263794,,Canada,3.13719442170364,17.8502680006291,1.68484020233154,0.2,1.77254545688629,1.38014459609985,2011,1.97113347053528
1.11301624774933,2.70016900895675,1.75642120838165,,Canada,1.75566129145483,17.5175199279774,1.70719468593597,0.2,1.75697004795074,1.43750536441803,2012,1.91890442371368
1.06142175197601,3.62980398357005,1.74750757217407,,Canada,2.32581354806429,17.0848821579089,1.72989094257355,0.5,1.78074109554291,1.45344030857086,2013,1.87937796115875
1.17550384998322,3.55390337011002,1.88629722595215,,Canada,2.87346677785811,16.4020498301416,1.83872532844543,0.2,1.75371766090393,1.41233158111572,2014,1.83219265937805
1.26233685016632,3.85389453706153,1.8071414232254,,Canada,0.649971001734855,17.0597786823228,1.70605802536011,0.5,1.7309353351593,1.46729922294617,2015,1.84565019607544
1.24041163921356,2.23835012140903,1.8009147644043,,Canada,1.03855092490855,17.498604071126,1.72741413116455,0.5,1.7445410490036,1.44561123847961,2016,1.94446551799774
1.08968114852905,1.53752071953934,1.76343929767609,,Canada,3.03383491200222,17.6065954076372,1.87965595722198,0.5,1.81557297706604,1.47808432579041,2017,1.88144600391388
0.963971078395844,2.46931207254863,1.71514165401459,,Canada,2.74296344906655,17.5409004540917,1.69941985607147,0.2,1.67513394355774,1.50241100788116,2018,1.79020822048187
0.994933545589447,2.80676687017653,1.71977615356445,,Canada,1.90843194590616,18.1057096781026,1.71000242233276,0.2,1.69731068611145,1.43030834197998,2019,1.72989678382874
1.01318228244781,1.75897085668576,1.61910331249237,,Canada,-5.03823343468899,28.5714736058033,1.5925897359848,0.2,1.59831285476685,1.47166883945465,2020,1.56571280956268
0.962336957454681,2.97618288160973,1.59289026260376,,Canada,5.95052802804381,22.4985744222565,1.61376404762268,0.2,1.5614572763443,1.44535887241364,2021,1.61626875400543
0.780681550502777,2.29317324184365,1.56462013721466,,Canada,4.18903628100851,18.2522606578883,1.67709279060364,,1.56661772727966,1.44002974033356,2022,1.65857303142548
0.822420537471771,1.93601776565032,1.47300565242767,,Canada,1.52874550838358,19.2603133808938,1.64471042156219,,1.51680326461792,1.4796462059021,2023,1.67150104045868
1.04096102714539,-3.56794135328115,1.89844179153442,,Denmark,1.58289703108802,41.321624841298,1.87385439872742,0.1,2.10007047653198,1.54195690155029,2010,2.35235905647278
1.10029304027557,3.93792637361731,1.91979134082794,,Denmark,1.3108037609606,41.3553765306718,1.89863109588623,0.0,2.10107469558716,1.55170702934265,2011,2.39288401603699
0.914910674095154,-5.00312031968255,1.87506687641144,,Denmark,-0.00543230161670749,42.5735551510871,1.79916131496429,0.0,1.98699104785919,1.67411422729492,2012,2.3824622631073
0.959233462810516,0.197410828523168,1.90228533744812,,Denmark,1.39267343161971,40.3069360551146,1.80028736591339,0.3,1.94326293468475,1.66623783111572,2013,2.39937782287598
0.951779723167419,1.86415567840611,2.10073828697205,,Denmark,1.27799983192831,39.8534795726126,1.6811044216156,0.2,1.78492867946625,1.5245566368103,2014,2.25215744972229
0.887059271335602,0.61075067778712,2.01513481140137,,Denmark,2.10441456445301,39.4680654843822,1.72294008731842,0.2,1.79474246501923,1.55306839942932,2015,2.18585419654846
0.852912425994873,2.49983169836595,1.88294720649719,,Denmark,3.07304549209093,37.3753237986279,1.56364238262177,0.3,1.82117700576782,1.54204452037811,2016,2.20300269126892
0.854937553405762,1.08780490285886,1.80426836013794,,Denmark,3.05647723922718,36.281185472149,1.61215782165527,0.1,1.74683058261871,1.51810312271118,2017,2.190749168396
0.931982338428497,2.46670057625106,1.77322614192963,,Denmark,1.8600074900921,36.1767651513151,1.62839412689209,0.2,1.81060206890106,1.57402217388153,2018,2.15699577331543
0.967598736286163,-1.10067098319484,1.83337736129761,,Denmark,1.71140093932736,35.294411019505,1.5476325750351,0.3,1.87326776981354,1.54343402385712,2019,2.12164855003357
0.920233726501465,0.36387453868222,1.80679368972778,,Denmark,-1.78010601831291,38.7585745073268,1.78572452068329,0.2,1.8400673866272,1.5147852897644,2020,2.23648619651794
0.928662657737732,4.1621434518547,1.89572131633759,,Denmark,7.38206633449863,36.2155316033098,1.79559290409088,0.2,1.95973408222198,1.5449755191803,2021,2.33337140083313
0.86891770362854,6.87340812577742,1.8995805978775,,Denmark,1.54017307357893,32.0184253924653,1.84312748908997,0.2,1.9901350736618,1.59125435352325,2022,2.40263819694519
0.850847959518433,2.19886894040596,1.90893590450287,,Denmark,2.49518434516773,33.1387313045139,1.83951985836029,0.4,2.01564884185791,1.66469931602478,2023,2.37605309486389
0.796834468841553,2.48078642393235,1.63750469684601,,Germany,4.14676755040489,30.7473070189522,1.57068610191345,0.0,1.51569378376007,1.29778325557709,2010,1.76642882823944
0.842218458652496,2.55005949502613,1.61821925640106,,Germany,3.75796884487347,28.3049046331442,1.54886770248413,0.0,1.50013899803162,1.34921073913574,2011,1.74194991588593
0.775621294975281,1.8189263536368,1.66923201084137,,Germany,0.47429132103845,27.933530449439,1.52908289432526,0.0,1.53097581863403,1.39373803138733,2012,1.81763017177582
0.92798388004303,1.76465787052263,1.64198386669159,,Germany,0.386224592046474,27.9891744091962,1.54434037208557,0.0,1.51041460037231,1.40613043308258,2013,1.79800081253052
0.925186455249786,0.437659919660914,1.85020470619202,,Germany,2.16949889758517,27.5095890686293,1.69703912734985,0.0,1.6648246049881,1.43629622459412,2014,1.81229484081268
0.687514960765839,1.82321441511707,1.75914001464844,,Germany,1.65271978656361,27.4487709234683,1.71191465854645,0.0,1.65639758110046,1.42213714122772,2015,1.7758332490921
0.667541146278381,1.64319555960592,1.58330154418945,,Germany,2.29471066413561,27.3671431834324,1.8065539598465,0.0,1.66018795967102,1.3646674156189,2016,1.78129398822784
0.574381291866302,2.89088052868023,1.5740704536438,,Germany,2.71602454639843,27.5391986454965,1.77526342868805,0.2,1.61311173439026,1.43248081207275,2017,1.79697561264038
0.577865242958069,4.00421026360441,1.59137535095215,,Germany,1.11644310902427,27.3876244852279,1.75632679462433,0.0,1.52356374263763,1.44311714172363,2018,1.89839863777161
0.548539876937866,1.90698688059702,1.5813193321228,,Germany,0.987893350164853,27.899362920382,1.71493887901306,0.2,1.49534583091736,1.35402822494507,2019,1.86510336399078
0.645049154758453,4.48666571074036,1.52012777328491,,Germany,-4.09513751682526,32.1608467019556,1.57793474197388,0.2,1.31368815898895,1.37390911579132,2020,1.82534158229828
0.725788176059723,2.93470785974787,1.5718047618866,,Germany,3.6699998840452,32.720769435816,1.62516117095947,,1.28911292552948,1.41956698894501,2021,1.7829247713089
0.628491878509521,2.0947134896352,1.53199517726898,,Germany,1.36973104612758,31.4551133705123,1.52229499816895,,1.28929960727692,1.41448700428009,2022,1.81836342811584
0.586989283561707,1.71109200964451,1.55120778083801,,Germany,-0.266438401180253,,1.45697498321533,,1.18541669845581,1.46138572692871,2023,1.66416621208191
-1.27798449993134,1.6350340943491,-0.0358108207583427,17.520327243228,India,8.49758470221235,16.5051359514049,-0.41047203540802,,0.0316559858620167,0.443312972784042,2010,-0.463754564523697
-1.32679533958435,2.0020634629993,-0.0862971395254135,18.5055609944676,India,5.24131619937695,14.4898394030493,-0.363154947757721,27.1,0.0225540697574615,0.435818582773209,2011,-0.540835857391357
-1.28930985927582,1.31293453035323,-0.0628807470202446,21.7351878662519,India,5.45638755166587,16.166712404362,-0.480885624885559,,-0.15608711540699,0.399454206228256,2012,-0.513968110084534
-1.22917413711548,1.5162764665975,-0.0458925999701023,23.3008757774803,India,6.38610640094825,16.6386825486965,-0.478094786405563,,-0.157355144619942,0.432717055082321,2013,-0.517280995845795
-0.997911989688873,1.69565958990806,-0.0691893845796585,22.7049198417658,India,7.41022760508854,14.803137644208,-0.47507643699646,,-0.222846582531929,0.413222134113312,2014,-0.457605749368668
-0.954773545265198,2.09211521443253,-0.0707211047410965,23.0297689509967,India,7.99625378571471,15.1256903622794,-0.4249567091465,,0.0800815001130104,0.427862852811813,2015,-0.406574189662933
-0.960426509380341,1.9373641224439,-0.0561538562178612,20.0812235448632,India,8.25630550179086,15.2719500252316,-0.31153193116188,,0.0613894164562225,0.441010862588882,2016,-0.337335646152496
-0.774099111557007,1.50731583255894,-0.0297500882297754,19.5049373712632,India,6.79538341897911,15.6141099220983,-0.256661295890808,,0.0410966314375401,0.386967867612839,2017,-0.291900008916855
-0.997706770896912,1.55821483801455,-0.00142208894249052,19.4905310721105,India,6.45385134497769,15.6631319151388,-0.225996732711792,,0.262917786836624,0.360422104597092,2018,-0.229758977890015
-0.796846985816956,1.78482633957161,-0.0672271549701691,19.9766366353145,India,3.87143694070356,,-0.150565445423126,,0.130771830677986,0.268077671527863,2019,-0.30260244011879
-0.841419219970703,2.40620322673636,-0.0584247447550297,21.4094740100862,India,-5.77772470686801,,-0.128488674759865,,0.374532461166382,0.127332791686058,2020,-0.293598413467407
-0.691076755523682,1.41217101040888,-0.108451806008816,19.5524130311129,India,9.68959249192875,,-0.0908545926213264,,0.249238416552544,0.0905434712767601,2021,-0.317147105932236
-0.615027368068695,1.49248825904,0.113943412899971,18.6103165564092,India,7.60936497768895,13.3335178491336,-0.0504464171826839,5.3,0.369541674852371,0.0458774901926517,2022,-0.322223275899887
-0.635076940059662,0.771919134264091,0.188364565372467,18.398392023483,India,9.19075493028345,,-0.136969581246376,,0.47511014342308,0.0944044888019562,2023,-0.366014748811722
-2.23926711082458,1.00796493975113,-1.70723676681519,,Iraq,6.40256484471193,,-1.02928555011749,,-1.1039627790451,-0.991843640804291,2010,-1.3631272315979
-1.84698355197906,1.12086339764167,-1.55628681182861,,Iraq,7.546471200426,,-1.00996208190918,,-1.07451224327087,-1.06950151920319,2011,-1.25806474685669
-1.93405020236969,1.55961531280073,-1.57004082202911,,Iraq,13.9364301737537,,-1.14061653614044,0.6,-1.05595529079437,-1.07618057727814,2012,-1.24822700023651
-2.01139044761658,-0.995279210263068,-1.56443238258362,,Iraq,7.62828592298754,,-1.12933826446533,,-1.04929423332214,-1.0572851896286,2013,-1.31568956375122
-2.48033785820007,-4.45521124532956,-1.44884276390076,,Iraq,2.26368817563613,25.7090141553581,-1.1338427066803,,-1.05569767951965,-1.14439046382904,2014,-1.3636566400528
-2.25077962875366,-4.54159235443502,-1.56235945224762,11.579236426757,Iraq,2.60676642939541,27.0309301531966,-1.15169286727905,,-1.2022225856781,-1.12806236743927,2015,-1.43320691585541
-2.30333304405212,-3.75180911604806,-1.76788532733917,14.1382651565459,Iraq,13.7873730187089,26.5600237455794,-0.991360604763031,,-1.23010790348053,-1.01559019088745,2016,-1.46216154098511
-2.29594969749451,-2.68799428357231,-1.75534462928772,15.1161609151855,Iraq,-1.81975035118309,25.9749833916221,-1.11049020290375,,-1.22211647033691,-1.0472719669342,2017,-1.43163061141968
-2.52111387252808,-2.14854834807913,-1.80134296417236,12.3214408602116,Iraq,2.63385099105624,24.4834204312244,-1.06386315822601,,-1.26693630218506,-0.999539613723755,2018,-1.45831036567688
-2.60927772521973,-1.31640616709339,-1.77203547954559,11.824461992369,Iraq,5.51379057542323,27.6121352770907,-1.09659099578857,,-1.31078171730042,-0.964343070983887,2019,-1.38982570171356
-2.47476959228516,-1.58049696252586,-1.79986429214478,14.7022768430631,Iraq,-12.0367930931152,,-1.33956038951874,,-1.30339181423187,-1.00754952430725,2020,-1.33377075195312
-2.38469409942627,-1.25770209772783,-1.74884688854218,12.2155775212943,Iraq,1.50218070952037,,-1.12823390960693,,-1.32009863853455,-0.963369071483612,2021,-1.26926839351654
-2.40930914878845,-0.726653366772653,-1.74994015693665,7.95463364666726,Iraq,7.95904804992662,,-1.18048512935638,,-1.30276036262512,-0.948578834533691,2022,-1.21335303783417
-2.41309809684753,-1.99474822313262,-1.69316685199738,8.07390544982739,Iraq,0.517705525131191,,-1.43832731246948,0.5,-1.38960635662079,-0.958918929100037,2023,-1.32103753089905
0.143352136015892,4.26864663854031,0.39389044046402,,Malaysia,7.42484738326097,18.2319253890148,0.611249983310699,,1.04647839069366,-0.49994820356369,2010,0.0570844486355782
0.0774097666144371,5.07446032143377,0.402631521224976,,Malaysia,5.29391283414003,19.7347795900774,0.547134578227997,0.4,0.98675674200058,-0.474874913692474,2011,0.022571574896574
-0.0052124024368822,2.82905738174529,0.379769444465637,,Malaysia,5.47345419253853,20.9798770041143,0.477169960737228,,0.906338155269623,-0.346539199352264,2012,0.213312953710556
0.0517915934324265,3.49431175959971,0.341337561607361,,Malaysia,4.69372252557893,20.6021204303102,0.567808210849762,0.1,0.993431925773621,-0.339791119098663,2013,0.333269119262695
0.266619145870209,3.14122940365348,0.524089753627777,,Malaysia,6.00672194558203,19.6835443850248,0.799231290817261,,1.14593541622162,-0.360449194908142,2014,0.396519064903259
0.25394731760025,3.27094402931735,0.402504026889801,,Malaysia,5.09153242155011,18.2910432040136,0.704775094985962,0.1,0.91708517074585,-0.391403198242188,2015,0.181636169552803
0.129485934972763,4.47130958598651,0.387877881526947,,Malaysia,4.44978139761541,16.7638213141114,0.663995385169983,,0.817718744277954,-0.416713893413544,2016,0.0274246502667665
0.111209630966187,2.9358203805856,0.388218402862549,,Malaysia,5.81272240983328,15.8258190286835,0.671388506889343,,0.77773243188858,-0.398660808801651,2017,-0.0060947239398956
0.248113676905632,2.31458721219734,0.529206156730652,,Malaysia,4.84308697634881,15.9220579344968,0.575907409191132,0.0,1.05388987064362,-0.099500760436058,2018,0.299851536750793
0.14648012816906,2.50697705748044,0.4915691614151,,Malaysia,4.41318742129586,17.3574598059896,0.547572374343872,,0.967774987220764,-0.0477054789662361,2019,0.232962101697922
0.125864699482918,1.20275464255821,0.573119819164276,,Malaysia,-5.45684658426701,18.4715851445262,0.666613459587097,,1.02225887775421,-0.154460147023201,2020,0.228581383824348
0.0595565475523472,5.41625984914689,0.532065808773041,,Malaysia,3.31534954399166,17.2542689687307,0.714465439319611,0.0,0.952433526515961,-0.164951831102371,2021,0.146233186125755
0.163117811083794,3.68689336269236,0.561419248580933,,Malaysia,8.86182187578046,17.9061514875177,0.644006609916687,,0.992667615413666,0.000423186487751,2022,0.248940765857697
0.16851469874382,1.98111065098392,0.571915447711945,,Malaysia,3.55548715410509,17.0192684093425,0.660894274711609,,0.875369668006897,0.0876194089651108,2023,0.295621365308762
0.394421875476837,11.0275561357338,-0.487646609544754,101.617142296998,Mozambique,6.67972935662864,19.6201763346953,-0.453413218259811,,-0.616408288478851,-0.120654635131359,2010,-0.436986297369003
0.332048267126083,25.0623636819297,-0.579845726490021,93.7502668447009,Mozambique,7.13405842300445,21.2948647268172,-0.473082095384598,,-0.650063931941986,-0.199520617723465,2011,-0.496196299791336
0.39049369096756,33.767102801243,-0.598753094673157,119.104733383803,Mozambique,7.9945031610722,22.2435713893799,-0.465775460004807,,-0.653231084346771,-0.197661280632019,2012,-0.569021642208099
-0.226966470479965,38.9428653441902,-0.820203185081482,168.920055097791,Mozambique,6.57141389665537,,-0.417519450187683,,-0.635945856571198,-0.256401658058167,2013,-0.602838695049286
-0.336002737283707,27.8047100445849,-0.809284687042236,193.622142000203,Mozambique,7.70256844839309,,-0.435868889093399,74.4,-0.744966745376587,-0.24679134786129,2014,-0.669842422008514
-0.516435563564301,23.8654900431928,-0.869379043579102,239.064704223877,Mozambique,7.3930936986377,,-0.56189900636673,,-0.828703820705414,-0.270830363035202,2015,-0.779485106468201
-1.09681463241577,25.9187724637849,-1.0751576423645,361.948593955372,Mozambique,4.69699024225795,18.5198742757507,-0.74905401468277,,-0.946212470531464,-0.417111307382584,2016,-0.902741551399231
-0.918098509311676,17.4831119319856,-1.0070892572403,356.80240900822,Mozambique,2.63820737310658,17.6256749397463,-0.770824313163757,,-0.95696634054184,-0.420955717563629,2017,-0.857399106025696
-0.833229660987854,11.1741431838994,-1.06761610507965,338.142192140037,Mozambique,3.48493202422782,19.649486675822,-0.796630501747131,,-0.960869610309601,-0.484720945358276,2018,-0.809045612812042
-0.765720069408417,21.7841914901932,-1.07297027111053,355.807277125641,Mozambique,2.31781394821475,20.0432502816617,-0.780855536460876,81.6,-0.909160733222961,-0.544878602027893,2019,-0.872100949287415
-1.28312349319458,22.3944370320025,-1.07670676708221,420.571573313751,Mozambique,-1.21952250011192,22.904910395848,-0.772882997989655,,-0.810174465179443,-0.595090806484222,2020,-0.787528455257416
-1.25703620910645,32.7522138534006,-1.05518043041229,395.929124541799,Mozambique,2.37743572761507,23.3044189350831,-0.796027064323425,,-0.802774250507355,-0.608652472496033,2021,-0.832316100597382
-1.26560831069946,16.0042947069706,-1.02469038963318,368.716162801124,Mozambique,4.36445074432608,26.0040350878841,-0.726218461990356,81.4,-0.73704868555069,-0.586264908313751,2022,-0.835754334926605
-1.26869130134583,12.8065189015033,-1.02632343769073,349.676525389679,Mozambique,5.4368591229252,,-0.708528399467468,,-0.716628909111023,-0.593393087387085,2023,-0.828437745571136
1.23648881912231,0.194915236759351,1.86188757419586,,New Zealand,1.45863634911349,34.1464759438035,1.81236732006073,,1.81132459640503,1.50750553607941,2010,2.32940340042114
1.37673103809357,0.818121298166467,1.89464735984802,,New Zealand,2.09349621669912,40.0409856051015,1.96411323547363,,1.87170588970184,1.57907593250275,2011,2.29086756706238
1.36136555671692,2.17878824315978,1.88321006298065,,New Zealand,2.36630664656174,34.9609913456861,1.84479916095734,,1.79215371608734,1.61772203445435,2012,2.30788779258728
1.45392656326294,-0.0363955159235948,1.87013530731201,,New Zealand,2.58954199031598,33.073784356995,1.81913685798645,,1.7499874830246,1.60602045059204,2013,2.33418917655945
1.46792757511139,1.61353184490058,2.00404477119446,,New Zealand,3.82638491760299,32.3273793106287,1.94383800029755,,1.92498862743378,1.52432608604431,2014,2.24941229820251
1.51113760471344,-0.0411688255414617,1.96533977985382,,New Zealand,3.69036908387233,31.5156493940971,1.91034615039825,,1.85281825065613,1.55502474308014,2015,2.23321151733398
1.50114333629608,1.0619303911252,1.9136335849762,,New Zealand,3.77911068354334,30.6954172142523,2.02746391296387,,1.8059014081955,1.53386211395264,2016,2.23673152923584
1.56194603443146,1.15602540847251,1.88447558879852,,New Zealand,3.37873219470765,29.8953968712196,2.08179926872253,,1.72795903682709,1.5597071647644,2017,2.19591546058655
1.51216292381287,1.18710350117229,1.83380126953125,,New Zealand,3.47058203866328,29.6846795093578,2.00085973739624,,1.62871909141541,1.6052497625351,2018,2.13542580604553
1.41695356369019,1.36885808151902,1.84377896785736,,New Zealand,2.31747144034802,30.0637021870177,1.8710173368454,,1.63243579864502,1.5376101732254,2019,2.13093376159668
1.46835374832153,1.94110136401944,1.83839273452759,,New Zealand,-0.307246896026541,36.3461114628741,1.87444794178009,,1.53874325752258,1.59747445583344,2020,2.11690759658813
1.39449656009674,1.78752299153708,1.78116655349731,,New Zealand,4.53540565716095,33.6065530712399,1.80264282226562,,1.30568933486938,1.59413957595825,2021,2.16975808143616
1.32116913795471,3.34262941303518,1.73037374019623,,New Zealand,3.49638686458842,35.5258252195945,1.86519300937653,,1.34026157855988,1.65168607234955,2022,2.16323399543762
1.35856962203979,1.40756582604372,1.70570802688599,,New Zealand,1.39425181563566,,1.91022837162018,,1.5299768447876,1.68778347969055,2023,2.08409547805786
1.33231151103973,5.01894398780264,1.88987576961517,,Norway,0.787051861494078,34.7251099755849,1.5119845867157,0.2,1.87354242801666,1.59508776664734,2010,2.07725214958191
1.33797693252563,2.05367635776007,1.86417806148529,,Norway,1.10565603382983,34.1417879241789,1.60296952724457,0.1,1.83171236515045,1.62635803222656,2011,2.14263248443604
1.32746982574463,5.44056216851406,1.95103108882904,,Norway,2.71795924894734,33.7289756030843,1.53973925113678,0.1,1.8999354839325,1.72816324234009,2012,2.24798226356506
1.3520919084549,-0.260184320751091,1.97096431255341,,Norway,1.01619084044641,34.1933156114143,1.65741109848022,0.2,1.87676703929901,1.73790335655212,2013,2.28692841529846
1.11995851993561,0.646203788277674,2.02431488037109,,Norway,2.04813200438943,35.6063174620846,1.64058220386505,0.1,1.82170379161835,1.68400382995605,2014,2.22268295288086
1.14562010765076,1.87399423252337,1.97525000572205,,Norway,1.85733971623901,38.1512199127016,1.59465098381042,0.2,1.8330682516098,1.68808364868164,2015,2.20029306411743
1.18162095546722,-5.03254975124343,1.99445748329163,,Norway,1.16472423928819,39.7385780326601,1.6863489151001,0.3,1.83236646652222,1.66545379161835,2016,2.14950466156006
1.15070176124573,1.46874278067631,1.98068571090698,,Norway,2.46374626574153,38.6946477433892,1.80552613735199,0.3,1.94444799423218,1.69478344917297,2017,2.19124555587769
1.12084853649139,-1.28796404191648,1.92207717895508,,Norway,0.828931500516902,37.129454079189,1.78418827056885,0.3,1.84514558315277,1.70934963226318,2018,2.05031037330627
1.14211213588715,3.99513402641071,1.94084346294403,,Norway,1.12374694968757,38.5620876873851,1.79789400100708,0.2,1.82773196697235,1.65354299545288,2019,2.0337541103363
1.22160577774048,-0.892552414465765,1.92992174625397,,Norway,-1.27817177234034,45.3909564287933,1.69426965713501,0.3,1.88777232170105,1.72022712230682,2020,2.06576919555664
1.08862638473511,3.64643942475354,1.90791833400726,,Norway,3.90868676830634,36.5206567819884,1.62860715389252,0.2,1.79539930820465,1.73803555965424,2021,2.10831046104431
0.86123925447464,2.39446435427431,1.76085293292999,,Norway,3.24622860260932,29.2916941759893,1.5161395072937,0.3,1.94172024726868,1.78067529201508,2022,2.0676383972168
0.892857432365417,2.8543922106997,1.83398151397705,,Norway,0.0721204806030329,35.8939296791432,1.59752345085144,0.2,1.79993534088135,1.77725434303284,2023,2.11352157592773
-1.65075957775116,0.513698049517659,-0.553793609142303,28.1962101295523,Philippines,7.33449996034538,13.7936889438216,-0.215251356363297,,0.0709009245038033,-0.039045549929142,2010,-0.781123995780945
-1.39218163490295,0.856963002985963,-0.506389260292053,25.4724026227886,Philippines,3.85823282795663,13.5211906618935,-0.160969600081444,,0.189581170678139,-0.0199026539921761,2011,-0.685034811496735
-1.18824028968811,1.22763000703119,-0.522410273551941,23.8486165444834,Philippines,6.89695171050985,13.5454813748711,0.0405046008527279,21.3,0.205686181783676,-0.0296867359429598,2012,-0.573895454406738
-1.08425319194794,1.31642638378197,-0.469005644321442,20.8599970892676,Philippines,6.75053130142255,13.20715199779,0.0231475681066513,,0.205928966403008,0.00626141391694546,2013,-0.380065739154816
-0.713820934295654,1.92937522802216,-0.369522929191589,23.2583864226071,Philippines,6.34798748260867,12.8216477698348,0.0773035287857056,,0.31771445274353,0.159192964434624,2014,-0.439754605293274
-0.854724228382111,1.84018010717942,-0.417368292808533,22.3349719565779,Philippines,6.34830971672761,13.4767411156598,0.0541701726615429,14.6,0.160157755017281,0.14704766869545,2015,-0.481130987405777
-1.37869036197662,2.59850803494211,-0.431536346673965,21.1393857334664,Philippines,7.14945675000752,13.4351490147382,0.112924449145794,,0.0184973310679197,0.163373067975044,2016,-0.519234538078308
-1.18929100036621,3.12238778404896,-0.501289486885071,20.0551782939585,Philippines,6.9309883258402,13.6131575683624,0.127081677317619,,-0.0349111147224903,0.0839975401759148,2017,-0.507541537284851
-1.09620380401611,2.86833826070497,-0.565135478973389,20.5816241678276,Philippines,6.34148557153473,14.2125593180425,0.0287664085626602,8.3,0.062349122017622,0.0210947003215551,2018,-0.576294243335724
-0.9280606508255,2.30117498598294,-0.57440197467804,20.1781567560598,Philippines,6.11852566221303,14.8073074115535,0.100199609994888,,0.059953011572361,0.00574713759124279,2019,-0.606206953525543
-0.778704285621643,1.88586363211171,-0.652070105075836,25.3116154574058,Philippines,-9.51829474045297,19.5603029244639,0.113156676292419,,0.0678123831748962,-0.106204241514206,2020,-0.510658323764801
-0.984022319316864,3.04078855310045,-0.666802585124969,26.0840083553609,Philippines,5.71473313185116,19.1392292224505,0.0623732283711433,8.1,0.0347901321947575,-0.154726296663284,2021,-0.530111014842987
-0.655268549919128,2.3475097233369,-0.518263161182404,25.9821705682316,Philippines,7.58098212785563,18.6068893324404,0.0627855956554413,,0.063930444419384,-0.0548803359270096,2022,-0.541212201118469
-0.566050469875336,2.0421035482067,-0.41814711689949,25.0233834846282,Philippines,5.51894967862863,16.8805903401184,0.16425496339798,5.3,0.154091909527779,-0.0168379731476307,2023,-0.537639975547791
1.16941487789154,23.0694716770803,1.61884760856628,,Singapore,14.5197497108994,12.4128043266242,1.78359937667847,,2.28112554550171,-0.208965808153152,2010,2.17136287689209
1.19142174720764,17.5960314065855,1.66075348854065,,Singapore,6.21493416858989,12.7726522542327,1.7832305431366,,2.19381713867188,-0.10202718526125,2011,2.10299706459045
1.36817455291748,18.7435244231802,1.72407805919647,,Singapore,4.43549759378537,12.3839623831082,1.95790207386017,,2.20258617401123,0.0530913695693016,2012,2.11570811271667
1.378178358078,20.9344810446532,1.69725751876831,,Singapore,4.81763099120676,12.3753378735642,1.96010839939117,,2.12806558609009,0.0366793386638165,2013,2.07046675682068
1.18627142906189,21.8184880782679,1.82067048549652,,Singapore,3.93554027709007,13.1510655902688,2.22636008262634,,2.21747350692749,-0.0988200157880783,2014,2.06742691993713
1.29889214038849,22.6541826890491,1.77914321422577,,Singapore,2.97679931634806,15.9255259430938,2.25223541259766,,2.248699426651,-0.161713510751724,2015,2.05113077163696
1.47746896743774,20.3766287562495,1.78623282909393,,Singapore,3.74757848792792,14.4158695300905,2.17064332962036,,2.21462416648865,-0.149904429912567,2016,2.04224157333374
1.59912502765656,29.6706126230568,1.78575432300568,,Singapore,4.47689915845876,14.2879989784805,2.10915470123291,,2.22598195075989,-0.168806582689285,2017,2.08878493309021
1.46825659275055,22.1183772606386,1.80290043354034,,Singapore,3.4519759658687,14.6822557796545,2.12173795700073,,2.23176574707031,-0.0758845582604408,2018,2.13473129272461
1.48045420646667,28.3315504321637,1.83805370330811,,Singapore,1.30804118153127,14.1706593749508,2.15443754196167,,2.2316722869873,-0.206006988883018,2019,2.12004280090332
1.43851101398468,22.841082837391,1.83543491363525,,Singapore,-3.81470885510713,25.7456316212339,2.20529913902283,,2.28420281410217,-0.203881621360779,2020,2.11823177337646
1.44250547885895,33.3045808694371,1.81946074962616,,Singapore,9.7568044629903,16.2824973554065,2.22689867019653,,2.24803853034973,-0.13955394923687,2021,2.13951063156128
1.44037234783173,29.414237864711,1.77819037437439,,Singapore,4.10800021897151,14.8222699043527,2.21437835693359,,2.14423561096191,-0.0601325668394566,2022,2.09469985961914
1.42420423030853,26.2141035698283,1.75317537784576,,Singapore,1.82140694115385,17.3034829398763,2.30859136581421,,2.31747198104858,-0.0654119327664375,2023,2.04018402099609
-0.0294270031154156,0.884904611686012,0.0977494567632675,28.1800559318895,South Africa,3.03973288127956,29.5775128260769,0.445573270320892,29.5,0.191702410578728,0.602090120315552,2010,0.0653930976986885
0.0240315701812506,0.903381424332556,0.129662588238716,27.7414231921247,South Africa,3.16855627858818,31.0619734464171,0.446406275033951,,0.217559650540352,0.590838611125946,2011,-0.00423370534554124
-0.0253867004066706,1.06492249485696,0.0844441577792168,34.9360348114713,South Africa,2.39623238465745,30.3651797341743,0.398661673069,,0.170115306973457,0.5821533203125,2012,-0.184170603752136
-0.0462945364415646,2.05358095229684,0.135300785303116,36.2068137000957,South Africa,2.48546800826588,31.259190573785,0.380482465028763,,0.30602103471756,0.600654542446136,2013,-0.138074696063995
-0.146388962864876,1.5193274375398,0.155199274420738,40.1667158742941,South Africa,1.41382645223793,31.9053501556958,0.230833724141121,31.2,0.165043815970421,0.640296518802643,2014,-0.125287011265755
-0.220544874668121,0.438735792056356,0.0157780386507511,37.7078002750993,South Africa,1.32186223678229,33.6797787454907,0.208593904972076,,0.0873290970921516,0.648553431034088,2015,-0.0708397477865219
-0.149085000157356,0.684612553455795,0.0435598641633987,45.6869077355498,South Africa,0.664552307858116,32.1896608002111,0.119783155620098,,0.101402580738068,0.648330509662628,2016,0.0170262884348631
-0.284803628921509,0.539673956759456,-0.15624788403511,47.189634345937,South Africa,1.15794695181735,33.2518124768773,0.13887757062912,,0.0707959234714508,0.630274713039398,2017,-0.12777316570282
-0.237546816468239,1.37429117153459,-0.22182808816433,45.7386176540485,South Africa,1.55678384721676,33.9954978254972,-0.0407781675457954,,0.103647440671921,0.63723361492157,2018,-0.136797428131104
-0.2832210958004,1.31407752293306,-0.188336730003357,50.2455135053928,South Africa,0.25993557687633,34.6532754617872,0.00850539095699787,,0.127971157431602,0.643925607204437,2019,-0.0312809906899929
-0.252867221832275,0.933073684352394,-0.243993982672691,52.780991413988,South Africa,-6.1689177146757,37.8354162011745,0.0204948224127293,,0.0465345233678818,0.690293967723846,2020,-0.0594757050275803
-0.750981450080872,9.6602653363801,0.0649796947836876,41.0396501185489,South Africa,4.95503259440756,34.53100888431,-0.0907086357474327,,-0.0701303705573082,0.783295750617981,2021,-0.0341691114008427
-0.681386351585388,2.27046857469365,0.0407747849822044,43.0974181830946,South Africa,1.91147996033504,33.4798352578178,-0.185125753283501,,-0.109027646481991,0.723274409770966,2022,-0.33009460568428
-0.665642023086548,1.01471020714548,0.0862350836396217,44.1469911838428,South Africa,0.698485193724835,,-0.223697945475578,,-0.256946682929993,0.744892179965973,2023,-0.284670442342758
1.25859427452087,2.95077319370739,1.74979496002197,,Switzerland,3.24339715656356,16.7197445696918,1.62086713314056,0.1,1.8709591627121,1.58491122722626,2010,2.06414246559143
1.30034208297729,2.90052077420682,1.72214198112488,,Switzerland,1.81310830459596,16.6376791837765,1.61533617973328,0.0,1.86164331436157,1.58480751514435,2011,2.0290699005127
1.41833603382111,5.81910221569192,1.81180202960968,,Switzerland,1.17925385250513,16.5219261840556,1.65106618404388,0.0,1.88282430171967,1.64012205600739,2012,2.13839817047119
1.4011402130127,-3.52948637026792,1.79604589939117,,Switzerland,1.79214400716117,16.7887620098092,1.61979234218597,0.0,1.81637847423553,1.6280300617218,2013,2.12489438056946
1.40265262126923,2.89084631923904,1.99025726318359,,Switzerland,2.34988141500179,16.7192644780742,1.80034029483795,0.0,2.10431861877441,1.55940091609955,2014,2.1475772857666
1.32649421691895,17.1083833328203,1.90928101539612,,Switzerland,1.64462750849488,17.0674446630017,1.72945630550385,0.0,1.96745336055756,1.55868053436279,2015,2.09474182128906
1.28985404968262,24.2480735008832,1.90616285800934,,Switzerland,2.06868969039562,17.2408228496826,1.90037965774536,0.0,1.97178089618683,1.53236222267151,2016,1.94298648834229
1.24231648445129,20.6035377868275,1.88867199420929,,Switzerland,1.36279965488859,17.2162171145504,1.8755749464035,0.0,2.01780319213867,1.5572851896286,2017,1.94518792629242
1.3194819688797,-22.1051198346506,1.88756000995636,,Switzerland,2.86044579439036,16.7182236540887,1.7912358045578,0.0,1.99707686901093,1.59282386302948,2018,1.96969377994537
1.31097543239594,2.82348535660299,1.86265933513641,,Switzerland,1.14198218965691,16.8530605013535,1.65198791027069,0.0,1.91622769832611,1.49553549289703,2019,1.94492661952972
1.17624020576477,-32.547361125173,1.77689027786255,,Switzerland,-2.14173712008038,20.0431954756295,1.58489263057709,0.1,1.97202301025391,1.53616297245026,2020,2.04542946815491
1.11537563800812,-15.1214427821146,1.76798534393311,,Switzerland,5.55962020605844,18.9667523426681,1.72331547737122,0.0,1.99079787731171,1.54166948795319,2021,1.95883810520172
1.15974533557892,-1.9380912110037,1.75118839740753,,Switzerland,3.04406102969423,16.4692697536485,1.62011301517487,0.2,2.04943490028381,1.62134683132172,2022,2.00936198234558
1.07144391536713,-9.93929495136828,1.76172566413879,,Switzerland,0.683328174376044,16.7263244208761,1.72938001155853,,2.13492703437805,1.66502690315247,2023,2.02199912071228
0.0131317190825939,4.56840018285092,-0.844159185886383,91.5918932375376,Ukraine,4.09200436668087,39.5439524891017,-0.454440265893936,0.1,-0.820753991603851,-0.0839820206165314,2010,-1.03196251392365
-0.0704314634203911,4.256089748054,-0.851141273975372,85.1737693525904,Ukraine,5.44528081048476,36.8763128364085,-0.563705265522003,0.1,-0.867093980312347,-0.132440626621246,2011,-1.0867133140564
-0.0922749042510986,4.47720109403357,-0.81733900308609,74.055964307376,Ukraine,0.152314967200653,39.5379741977224,-0.554683208465576,0.1,-0.59455281496048,-0.2795430123806,2012,-1.11753916740417
-0.777284979820251,2.36694390135139,-0.844953835010529,78.2755632633463,Ukraine,0.045439094492707,38.6815940819239,-0.585612416267395,0.1,-0.664322078227997,-0.315425783395767,2013,-1.17666733264923
-2.02083349227905,0.634438528402592,-0.829762279987335,96.7265802999128,Ukraine,-10.0788949840953,43.5407000374941,-0.586776256561279,0.0,-0.39884689450264,-0.142272517085075,2014,-1.02474439144135
-1.95953238010406,-0.217508398305494,-0.873573780059814,125.025871206995,Ukraine,-9.7729872128676,37.3687532184352,-0.618873357772827,0.3,-0.554407000541687,-0.0868236571550369,2015,-1.03961312770844
-1.8533319234848,4.42178946686191,-0.817245066165924,123.342420933118,Ukraine,2.44098194492067,33.5044167207813,-0.410622745752335,0.2,-0.609457552433014,0.00176708493381739,2016,-0.867796838283539
-1.86741781234741,3.28306130596563,-0.756031930446625,109.407147922562,Ukraine,2.35997228099491,33.6062064378191,-0.281774550676346,0.1,-0.514022350311279,0.0149604445323348,2017,-0.832255303859711
-1.87217938899994,3.80086991777664,-0.760341882705688,92.7372175750206,Ukraine,3.48836234022659,33.4087191126581,-0.256266981363297,0.2,-0.459631830453873,-0.0306271463632584,2018,-0.921338856220245
-1.42837619781494,3.76649676088543,-0.745435535907745,80.6987144339379,Ukraine,3.19950386354134,33.057438930624,-0.216642439365387,0.2,-0.334266752004623,0.0230735149234533,2019,-0.800639629364014
-1.16393649578094,0.194103193490519,-0.713144361972809,83.3576019691388,Ukraine,-3.75281793983162,37.2092047751482,-0.266943335533142,0.0,-0.410091131925583,0.0889049544930458,2020,-0.832628607749939
-1.12698400020599,3.98166133947207,-0.681738317012787,70.5832658828963,Ukraine,3.44562065945944,33.2615744813331,-0.290212571620941,,-0.439535766839981,0.070615366101265,2021,-0.787211775779724
-1.94932460784912,0.136428578229067,-0.917947947978973,84.0719419936619,Ukraine,-28.7585842155085,57.894766176113,-0.331597328186035,,-0.497119277715683,-0.0233073923736811,2022,-0.634004473686218
-1.42982339859009,2.52287921090664,-0.888317406177521,96.1309681619187,Ukraine,5.53473354745886,65.5600221546264,-0.266427397727966,,-0.357320100069046,-0.100543133914471,2023,-0.686146318912506
-1.25623667240143,0.402601927997842,-1.66915047168732,,Venezuela,-1.48879125078348,,-1.56311976909637,,-1.10220277309418,-0.870534300804138,2010,-1.2080090045929
-1.09404599666595,1.85002511047875,-1.68640148639679,,Venezuela,4.17642535923927,,-1.40288519859314,,-1.13208639621735,-0.934033572673798,2011,-1.1550704240799
-1.02713263034821,1.3076789836805,-1.71477735042572,,Venezuela,5.62595697508641,,-1.4448344707489,,-1.08209621906281,-0.906963706016541,2012,-1.25829756259918
-1.07763242721558,0.57815873215477,-1.78616905212402,,Venezuela,1.34309403607476,,-1.52926170825958,,-1.11433899402618,-0.951655030250549,2013,-1.30703294277191
-0.852002203464508,0.23530176692753,-1.90949594974518,,Venezuela,-3.89438647450662,,-1.74004256725311,,-1.17517960071564,-1.08385908603668,2014,-1.3949111700058
-0.971670269966125,,-2.0527765750885,,Venezuela,,,-1.87266981601715,,-1.19639098644257,-1.09116637706757,2015,-1.40739834308624
-1.0229766368866,,-2.26694512367249,,Venezuela,,,-1.99904632568359,,-1.27398240566254,-1.13540399074554,2016,-1.36666917800903
-1.2522406578064,,-2.2592396736145,,Venezuela,,,-1.98466944694519,,-1.42753195762634,-1.21793925762177,2017,-1.3856645822525
-1.3513343334198,,-2.26557350158691,,Venezuela,,,-2.38673639297485,,-1.67155385017395,-1.43971180915833,2018,-1.51229763031006
-1.53851962089539,,-2.25944232940674,,Venezuela,,,-2.38258337974548,,-1.72244477272034,-1.42963433265686,2019,-1.52768540382385
-1.55184280872345,,-2.33193492889404,,Venezuela,,,-2.26745915412903,,-1.88937568664551,-1.51546669006348,2020,-1.57573306560516
-1.45497024059296,,-2.30089545249939,,Venezuela,,,-2.21518588066101,,-1.87459766864777,-1.61773121356964,2021,-1.62293994426727
-1.25080645084381,,-2.19816279411316,,Venezuela,,,-2.04584336280823,,-1.68905186653137,-1.54475474357605,2022,-1.65152418613434
-1.18902802467346,,-2.15153360366821,,Venezuela,,,-2.02624750137329,,-1.599200963974,-1.5313206911087,2023,-1.69000518321991
-1.10401391983032,1.01802616388953,-1.83763182163239,61.0751907978306,Zimbabwe,19.6754076562536,16.1209443547968,-2.00182390213013,,-1.53839468955994,-1.47518157958984,2010,-1.37328672409058
-0.945328533649445,2.44153210822879,-1.79394936561584,59.0639850590278,Zimbabwe,14.193915731251,19.0771549950937,-1.8921492099762,35.7,-1.42085576057434,-1.46376252174377,2011,-1.42562651634216
-0.778662025928497,2.04414166744532,-1.63018405437469,58.320418316358,Zimbabwe,16.665428979757,20.2119298760243,-1.87189054489136,,-1.37375247478485,-1.47196817398071,2012,-1.38180339336395
-0.665949761867523,1.95406170974962,-1.5877091884613,48.8894081068738,Zimbabwe,1.98948553969423,,-1.85489869117737,,-1.30847012996674,-1.38633239269257,2013,-1.42002665996552
-0.713570177555084,2.42516912870729,-1.44185197353363,48.319673553011,Zimbabwe,2.37698570395052,,-1.892657995224,,-1.2813538312912,-1.25700736045837,2014,-1.40475881099701
-0.619207262992859,1.99969354812061,-1.33903956413269,55.1384167758717,Zimbabwe,1.77985354092071,21.8094849313164,-1.65623307228088,,-1.24957311153412,-1.16633772850037,2015,-1.33777570724487
-0.620809733867645,1.66926771128193,-1.391646027565,64.0275803013103,Zimbabwe,0.755794054371208,25.2362484712416,-1.69492197036743,,-1.25887811183929,-1.1791604757309,2016,-1.28866481781006
-0.710430860519409,0.601447643354898,-1.39540266990662,25.6176220110699,Zimbabwe,4.7344112255433,9.78276662473592,-1.57755374908447,44.7,-1.28023886680603,-1.1963711977005,2017,-1.29811477661133
-0.721012055873871,2.10172185120128,-1.29305863380432,37.9424532486314,Zimbabwe,5.00992138188113,10.9772842777823,-1.52565240859985,,-1.29795515537262,-1.13737499713898,2018,-1.24637961387634
-0.943302512168884,0.970226031083543,-1.3110408782959,48.4900872128193,Zimbabwe,-6.33244975108572,,-1.48651528358459,49.2,-1.3104350566864,-1.1648313999176,2019,-1.29033386707306
-1.05274343490601,0.559613084240531,-1.33736205101013,48.3940475120946,Zimbabwe,-7.81693284075131,,-1.43441534042358,,-1.34236812591553,-1.11459863185883,2020,-1.30878782272339
-0.954442739486694,0.871791264466441,-1.28212225437164,51.9032795254525,Zimbabwe,8.46803916934418,,-1.38610911369324,,-1.29056119918823,-1.14104509353638,2021,-1.27714729309082
-0.894974112510681,1.02703421422807,-1.23702752590179,43.180953537222,Zimbabwe,6.1391761744749,,-1.42596733570099,,-1.25122380256653,-1.10950314998627,2022,-1.25996947288513
-0.934447467327118,1.58345534220487,-1.27714252471924,40.8476829567855,Zimbabwe,5.33677037339527,,-1.33835864067078,,-1.17033493518829,-1.09263300895691,2023,-1.26121604442596
